Toolbar Name,Description,Label,Children,Property Key,Property Value
taskListToolbar,任务列表,basic.common.toolbar.taskListToolbar,checkInCommand|checkOutCommand|sysDefaultOtherCommandToolBar,,
toolbarpurchase,任务列表,basic.common.toolbar.toolbarpurchase,checkInCommand|checkOutCommand|sysDefaultOtherCommandToolBar,,
ItemManagerTestToolbar,物料管理,basic.common.toolbar.ItemManagerTestToolbar,newCommand|searchText|searchType|searchCommand|FilterCommand|searchTypeCode|sysDefaultOtherCommandToolBar,align|reviseIndex,left|4
ItemManagerToolbar,物料管理,basic.common.toolbar.ItemManagerToolbar,newCommand|searchText|sysDefaultOtherCommandToolBar,align|reviseIndex,left|2
sysDefaultOtherCommandToolBar,其他,common.toolbar.sysInstanceMoreOperationToolbar,sysExportAllCommand_|sysPasteCommand,nzIcon,bars
sysRelationDefaultOtherCommandToolBar,其他,common.toolbar.sysInstanceMoreOperationToolbar,sysExportAllCommand_|sysRelationPasteChildNodeCommand,nzIcon,bars
ItemManagerTableOptionToolBar,操作,basic.common.toolbar.ItemManagerTableOptionToolBar,checkInCommand|sysDeleteCommand|sysCopyObjectCommand|sysCopyNewCommand|ItemManagerTableOptionOthersToolBar,,
ItemManagerTableOptionOthersToolBar,更多,basic.common.toolbar.ItemManagerTableOptionOthersToolBar,sysPasteFolderCommand|sysModifyFolderCommand|sysFolderPermissionsCommand_|sysPermissonModifyOwnerCommand|sysCopyNewFolderCommand|sysCopyNewCommand|checkInCommand|checkOutCommand|sysDonwloadCommand|sysERPOptionCommand|workbenchCancelCheckOutCommand|sysCheckOutTransferCommand|sysDownloadPicCommand_|sysTransferFileCommand,masterStyle,link
ItemManagerTableFloatOptionToolBar,悬浮操作,basic.common.toolbar.ItemManagerTableFloatOptionToolBar,sysfloatCheckInCommand|sysfloatCheckOutCommand|sysfloatCancelCheckOutCommand|sysfloatCheckOutTransferCommand|sysfloatDeleteCommand|sysCopyObjectCommand|ItemManagerTableFloatOptionOthersToolBar_,,
ItemManagerTableFloatOptionOthersToolBar,更多,common.toolbar.sysInstanceMoreOperationToolbar,sysExportERPCommand_,masterStyle,link
sysInstanceDetailToolbar,详细信息,basic.common.toolbar.sysInstanceDetailToolbar,sysCheckInCommand|sysCheckOutCommand|sysInstanceSaveCommand|sysStartWFCommand|sysInstanceDetailOthersToolbar,align|reviseIndex,left|4
sysInstanceDetailOthersToolbar,更多,common.toolbar.sysInstanceMoreOperationToolbar,sysInstanceSaveAsCommand|sysInstanceDeleteCommand|sysCancelCheckOutCommand|sysNewRevisionCommand|insEditReplaceSubstituteCommand|sysCheckOutTransferCommand|sysExportERPCommand_|insTransFileCommand_|insViewSubstituteCommand_|sysModifyOwnerCommand|insIterationCommand|sysCopyObjectCommand|sysInstanceFileTransToolbar_|sysOpenECRCommand|sysOpenECNCommand|sysInstanceViewCommand|sysCreateBOMCommand|openDesignCommand,visiableExpression|nzIcon|trigger|visiableURL,$GUID$|unordered-list|hover|/Queue/ITransformService/listTransConfig?GUID$=$GUID$&CLASSGUID$=$CLASSGUID$&CLASSNAME$=$CLASSNAME$
sysReplaceSchemeFormDetailToolbar,替代方案详细信息,basic.common.toolbar.sysReplaceSchemeFormDetailToolbar,sysNewOutReplaceDetailFormCheckInCommand_|sysNewOutReplaceDetailFormCheckOutCommand_|sysNewOutReplaceFormCancelCheckOutCommand_|sysNewOutReplaceFormSaveCommand
sysRepSchDetailStateRightToolbar,替代方案详细操作(右),basic.common.toolbar.sysRepSchDetailStateRightToolbar,sysOutStartWFCommand|sysRepSchDetailOthersToolbar,,
sysRepSchDetailOthersToolbar,替代方案更多,common.toolbar.sysInstanceMoreOperationToolbar,sysOutReplaceSaveAsCommand|sysOutReplaceCheckOutTransferCommand_|sysOutRRSolutionDeleteCommand|sysOutReplaceChangeOwnerCommand|insIterationCommand_,visiableExpression|nzIcon|trigger,$GUID$|unordered-list|hover
sysSubItemGroupNewToolbar,新增替代物料组表格,新增替代物料组表格,sysAllItemSearchCommand|sysAllItemsGlobalSearchCommand,align|reviseIndex,right|2
sysInstanceRelatedToolbar,关联,basic.common.toolbar.sysInstanceRelatedToolbar,exportCommand|checkOutCommand,,
sysInstanceReferencedToolbar,使用情况,basic.common.toolbar.sysInstanceReferencedToolbar,exportCommand|checkOutCommand,,
sysInstanceWorkflowToolbar,工作流,basic.common.toolbar.sysInstanceWorkflowToolbar,sysInsWorkflowOpenCommand,,
sysRestrictedSubstanceOperationToolbar,限用物质管制表,basic.common.toolbar.sysRestrictedSubstanceToolbar,sysRestrictedSubstanceEditCommand|sysRestrictedSubstanceDeleteCommand,,
sysInstanceRevisionToolbar,版本,basic.common.toolbar.sysInstanceRevisionToolbar,sysInsOpenCommand,,
sysInstanceECToolbar,工程变更,basic.common.toolbar.sysInstanceECToolbar,exportCommand|checkOutCommand,,
sysInstanceBOMTableOptionMoreToolBar,更多,common.toolbar.sysInstanceMoreOperationToolbar,sysBOMEditCancelCommand|sysReplaceViewCommand_|sysReplaceSettingCommand|sysBRSReplaceApplyForCmmand|sysCopyObjectCommand|sysBOMExportCommand|sysBOMBatchDownloadCommand|_sysSupersedeSettingCommand|sysBOMRefreshSeqCommand|_sysBomForkDerCommand|_sysSupersedeSettingCommand|sysMaintenanceProductCreateTaskCommand|sysBomCompareCommand,masterStyle,link
sysInstanceBOMToolbar,BOM,basic.common.toolbar.sysInstanceBOMToolbar,sysCADToBOMCommand_|sysBOMImportCommand|sysBOMRefreshCommand,align|reviseIndex,left|3
sysInstanceBOMOperationToolbar,BOM操作列,basic.common.toolbar.sysInstanceBOMOperationToolbar,sysBOMEditCommand|sysBOMEditCompletedCommand|sysBomCutCommand|sysRemoveEnd2BOMCommand|sysInstanceBOMTableOptionMoreToolBar,,
sysInstanceBOMFloatToolbar,BOM浮动,,sysBatchCopyObjectCommand|sysBomBatchCutCommand|sysBOMBatchRemoveEnd2Command|sysMaintenanceProductCreateBatchTaskCommand,,
sysInstanceBOMFloatMoreToolBar,浮动其他,common.toolbar.sysInstanceMoreOperationToolbar,sysReplaceSettingBatchCommand,masterStyle,link
sysModelStructureOperationToolbar,模型结构,,sysModelPreviewCommand|sysCopyObjectCommand,,
sysModelStructureWithNoPreviewOperationToolbar,模型结构(无预览),,sysCopyObjectCommand,,
sysWorkbenchApproveToolbar,待我审签,basic.common.toolbar.sysWorkbenchApproveToolbar,,,
sysWorkbenchTodoToolbar,工作台,basic.common.toolbar.sysWorkbenchToolbar,sysWorkbenchTaskListCommand,align|reviseIndex,left|2
sysWorkbenchTodoNewToolbar,待办任务,basic.common.toolbar.sysWorkbenchToolbar,sysWorkbenchTaskListNewCommand,align|reviseIndex,left|2
sysWorkbenchProjectTaskToolbar,项目任务,basic.common.toolbar.sysWorkbenchProjectTaskToolbar,sysWorkbenchProjectTaskListCommand,align|reviseIndex,left|2
sysWorkbenchOtherToolbar,其他,common.toolbar.sysInstanceMoreOperationToolbar,,,
sysInstanceRelatedSomeCADToolbar,CAD图档,basic.common.toolbar.sysInstanceRelatedSomeCADToolbar,sysAddItem3DCommand|sysAddItem2DCommand|sysAddItemECADCommand,align,right
sysInstanceRelatedCADToolbar,CAD图档,basic.common.toolbar.sysInstanceRelatedCADToolbar,sysCommonNewCommand|sysAddItemCADCommand|sysRelationDefaultOtherCommandToolBar,align|reviseIndex|showTitle,right|0|true
sysInstanceRelatedOptionToolBar,相关附件,common.toolbar.sysInstanceRelatedOptionToolBar,sysRemoveEnd2Command|sysCopyObjectCommand|sysRelatedItemsDonwloadCommand,,
sysInstanceRelatedItemsDefaultFloatToolbar,相关附件Batch操作,common.toolbar.sysInstanceRelatedBatchOptionToolBar,sysInstanceRelatedBatchDeleteCommand|sysBatchCopyObjectCommand,,
sysInstanceRelatedItemsUsedDefaultFloatToolbar,相关附件Batch操作,common.toolbar.sysInstanceRelatedBatchOptionToolBar,sysInstanceRelatedBatchDeleteCommand|sysBatchCopyObjectCommand,,
sysInstanceRelatedDrawToolbar,相关图档,basic.common.toolbar.sysInstanceRelatedDrawToolbar,sysCommonNewCommand|sysCommonAddCommand|sysRelationDefaultOtherCommandToolBar,align|reviseIndex|showTitle,right|0|true
sysInstanceRelatedItemsDefaultToolbar,相关软件,basic.common.toolbar.sysInstanceRelatedSoftWareToolbar,sysNewRelatedCommand|sysCommonAddCommand|sysRelationDefaultOtherCommandToolBar,align|reviseIndex,right|0
sysInstanceRelatedItemsUsedDefaultToolbar,相关软件,basic.common.toolbar.sysInstanceRelatedSoftWareToolbar,sysNewRelatedCommand|sysCommonAddCommand|sysRelationDefaultOtherCommandToolBar,align|reviseIndex,right|0
sysInstanceRelatedOptionOthersToolBar,更多操作,basic.common.toolbar.ItemManagerTableOptionOthersToolBar,checkInCommand,,
workbenchApproveOptionToolBar,操作,basic.common.toolbar.ItemManagerTableOptionToolBar,sysApprovalAcceptCommand|sysApprovalRejectCommand,,
workbenchQuickCreateToolBar,快捷操作,basic.common.toolbar.workbenchQuickCreateToolBar,sysQuickCreateCommand,align|reviseIndex|showTitle,right|0|true
sysInstanceRelatedSoftWareOtherToolbar,更多,common.toolbar.sysInstanceMoreOperationToolbar,checkOutCommand|sysCheckOutTransferCommand|sysModifyOwnerCommand|sysExportERPCommand_,masterStyle,link
workbenchMyTaskTableOptionToolBar,操作,basic.common.toolbar.workbenchMyTaskTableOptionToolBar,checkInCommand|workbenchCancelCheckOutCommand|sysCopyObjectCommand|sysMyCheckoutItemTableMoreToolbar,,
workbenchMyTaskTableOtherToolbar,更多,common.toolbar.sysInstanceMoreOperationToolbar,sysCopyNewCommand,masterStyle,link
workbenchMyTaskTableFloatToolBar,操作,basic.common.toolbar.workbenchMyTaskTableFloatToolBar,sysfloatCheckInCommand|sysfloatCancelCheckOutCommand|sysBatchCopyObjectCommand,,
workbenchMyTaskToolBar,我的处理,workbench.command.sysMyPendingCommand,,showTitle,true
workbenchAssignTaskManagementToolBar,分派任务管理,workbench.command.sysAssignTaskManagementCommand,sysWorkbenchTaskListAssignCommand|sysAssignTaskManagementExportAllCommand,align|reviseIndex,left|2
workbenchAssignTaskManagementFloatToolBar,操作,workbench.command.workbenchAssignTaskManagementFloatToolBar,sysInstanceDetailObjectAssignLinkCommand|sysInstanceDetailObjectDeleteLinkCommand|sysInstanceDetailObjectStartLinkCommand|sysInstanceDetailObjectTransferLinkCommand|sysInstanceDetailObjectPauseLinkCommand|sysInstanceDetailObjectCancelLinkCommand|sysInstanceDetailObjectAuditLinkCommand|sysInstanceDetailObjectWithdrawLinkCommand,,
sysInstanceReferenceParentToolbar,直接父项,basic.common.toolbar.sysInstanceReferenceParentToolbar,,showTitle,true
sysInstanceReferenceProductToolbar,使用产品,basic.common.toolbar.sysInstanceReferenceProductToolbar,,showTitle,true
sysSpaceTableOptionToolBar,操作,basic.common.toolbar.ItemManagerTableOptionToolBar,sysPublicSpaceTeamCommand|sysPublicSpaceEditCommand|sysPublicSpaceDeleteCommand,,
sysCADNewMenu,页面左侧菜单(CAD),,libraryCAD|designCAD|globalSearchCAD,,
sysCADSpaceTableOptionToolBar,操作(CAD),basic.common.toolbar.ItemManagerTableOptionToolBar,sysProductDesignAsDefaultCommand|sysProductDesignCancelDefaultCommand,,
sysCADProductDesignOptionToolBar,操作(CAD),basic.common.toolbar.ItemManagerTableOptionToolBar,sysProductDesignAsDefaultCommand|sysProductDesignCancelDefaultCommand,,
sysCADProductDesignToolBar,产品设计(CAD),basic.common.toolbar.sysProductDesignToolBar,sysProductSearchText,,
sysCADSpaceTableToolBar,公共空间(CAD),basic.common.toolbar.sysSpaceTableToolBar,sysSpaceSearchText,,
sysCADPublicSpaceItemToolBar,公共空间库二级(CAD),publicspace.table.item.sysPublicSpaceItemToolBar,sysProductDetailSearchText|sysProductFilterPicCommand_,align|reviseIndex,left|2
sysCADProductDesignItemToolBar,产品设计文件夹库(CAD),publicspace.table.item.sysProductDesignItemToolBar,sysProductDetailSearchText|sysProductFilterPicCommand_,align|reviseIndex,left|2
sysCADProductDesignStoreFloatToolbar,产品设计库浮动(CAD),basic.common.toolbar.ProductDesignStoreFloatToolbar,sysCADBatchCheckOutCommand|sysCADBatchOpenCommand|sysCADBatchInsertCommand|sysCADBatchCancelCheckOutCommand,,
sysCADProductDesignStoreOptionToolBar,操作(CAD),basic.common.toolbar.ProductDesignStoreOptionToolBar,sysCADOpenCommand|sysCADOperationMoreToolbar,,
sysCADOperationMoreToolbar,更多(CAD),basic.common.toolbar.ItemManagerTableOptionOthersToolBar,sysCADCheckOutCommand|sysCADCancelCheckOutCommand|sysCADInsertCommand|sysCADAssociatedObjectCommand|sysCADDownloadCommand,masterStyle,link
sysProductDesignOptionToolBar,操作,basic.common.toolbar.ItemManagerTableOptionToolBar,sysProductDesignTeamCommand|sysProductDesignAsDefaultCommand|sysProductDesignCancelDefaultCommand|sysProductManagementCommand|sysProductDesignOptionMoreToolBar,,
sysProductDesignOptionMoreToolBar,产品设计操作列更多,common.toolbar.sysInstanceMoreOperationToolbar,sysProductDesignEditCommand|sysProductDesignDeleteCommand|sysSaveAsTemplateCommand,masterStyle,link
sysProductDesignToolBar,产品设计,basic.common.toolbar.sysProductDesignToolBar,sysNewProductLibraryCommand|sysProductSearchText|sysProductLibTemplateManageCommand|sysProductLibCommandTypeSpectrumCommand,align|reviseIndex,left|3
sysSpaceTableToolBar,公共空间,basic.common.toolbar.sysSpaceTableToolBar,sysNewRepositoryCommand|sysSpaceSearchText,,
sysPublicSpaceItemToolBar,公共空间库二级,publicspace.table.item.sysPublicSpaceItemToolBar,sysPublicSpaceItemNewToolbar|sysProductDetailSearchText,align|reviseIndex,left|3
sysPublicSpaceCopyToolBar,公共空间库,basic.common.toolbar.sysPublicSpaceToolBar,sysProductDetailSearchText|sysDefaultOtherCommandToolBar,align|reviseIndex,left|2
sysProductDesignStoreToolBar,产品设计库,basic.common.toolbar.sysProductDesignStoreToolBar,sysNewProductCommand|sysProductDetailSearchText,,
sysProductDesignItemToolBar,产品设计文件夹库,publicspace.table.item.sysProductDesignItemToolBar,sysProductDesignItemNewToolbar|sysProductDetailSearchText,align|reviseIndex,left|3
sysProductTemplateManageItemToolBar,产品设计模板管理item,publicspace.table.item.sysProductDesignItemToolBar,sysProductTemplateManageNewToolbar|sysProductDetailSearchText|,align|reviseIndex,left|3
sysPTManageFloatToolBar,产品设计模板管理浮动toolbar,publicspace.table.item.sysPTManageFloatToolBar,sysfloatDeleteCommand|sysPTManageEnableCommand|sysPTManageDisableCommand,,
sysDesignStoreOptionToolBar,操作,basic.common.toolbar.sysDesignStoreOptionToolBar,sysViewCommand|sysTaskManageCommand|sysAttentionCommand|sysCancelAttentionCommand|sysDesignStoreOtherToolBar,,
sysDesignStoreOtherToolBar,更多,basic.common.toolbar.ItemManagerTableOptionOthersToolBar,sysCopyAndNewCommand_|sysMaintenanceProductCommand|sysProductModifyOwnerCommand|sysProductStoreDeleteCommand,masterStyle,link
sysMyCheckoutItemTableMoreToolbar,更多,basic.common.toolbar.ItemManagerTableOptionOthersToolBar,sysCopyNewCommand|sysCheckOutTransferCommand|sysModifyOwnerCommand,masterStyle,link
sysRecentlyOpenedTableOptionToolBar,操作,basic.common.toolbar.sysRecentlyOpenedTableOptionToolBar,sysCopyObjectCommand,,
sysPublicSpaceStoreOptionToolBar,操作,basic.common.toolbar.sysPublicSpaceStoreOptionToolBar,sysProductDesignDetailEditCommand|sysCopyObjectCommand|sysPublicSpaceMoveCommand|sysPublicSpaceDeleteCommand,,
sysPublicSpaceItemNewToolbar,新建(公共空间),basic.common.toolbar.sysPublicSpaceNewToolbar,sysPublicSpaceNewFolderCommand|sysPublicSpaceNewPartCommand|sysPublicSpaceNewDocCommand|sysPublicSpaceNewDrawCommand|sysPublicSpaceNewOthersCommand,masterStyle,primary
sysProductDesignItemNewToolbar,新建（产品设计）,basic.common.toolbar.sysPublicSpaceNewToolbar,sysPublicSpaceNewFolderCommand|sysProductDesignNewPartCommand|sysPublicSpaceNewDocCommand|sysPublicSpaceNewDrawCommand|sysPublicSpaceNewECCommand|sysPublicSpaceNewOthersCommand,masterStyle,primary
sysProductTemplateManageNewToolbar,新建（模板管理）,basic.common.toolbar.sysPublicSpaceNewToolbar,sysPublicSpaceNewFolderCommand,masterStyle,primary
sysSpaceMenuOptionToolBar,公共空间menu,,sysPublicSpaceNewFolderCommand|sysPublicSpaceDeleteFolderCommand,nzIcon,plus
sysSpaceMenuToolBar,公共空间menu,,sysSpaceMenuOptionToolBar,,
sysBaseMenuOptionToolBar,,sysBaseMenuNewFolderCommand,,,
sysBaseMenuToolBar,公共空间menu,,sysBaseMenuNewFolderCommand,,
sysMaintainProductStructureOptionToolbar,维护产品结构,basic.common.toolbar.sysMaintainProductStructureOptionToolbar,sysMaintenanceProductEditCommand|sysMaintenanceProductEditCompletedCommand|sysMaintenanceProductDeleteCommand|sysMaintenanceProductCreateTaskCommand,,
sysMaintainProductStructureOptionFloatToolbar,维护产品结构(浮动),basic.common.toolbar.sysMaintainProductStructureOptionToolbar,sysBatchRemoveEnd2Command|sysMaintenanceProductCreateBatchTaskCommand,,
sysMaintainProductStructureToolbar,维护产品结构,basic.common.toolbar.sysMaintainProductStructureToolbar,sysSynchronizeFolderStructureCreationCommand,,
sysTaskManagementToolbar,任务管理,basic.common.toolbar.sysTaskManagementToolbar,sysNewTaskCommand,,
sysWizardNewTaskToolbar,新建任务向导页,,sysNewTaskBaseInfoCommand|sysWizardNewTaskDeliverablesCommand,,
sysWizardNewTaskEditToolbar,新建任务向导页,,sysNewTaskBaseInfoEditCommand|sysWizardNewTaskDeliverablesCommand,,
sysWizardNewTaskFooterToolbar,新建任务向导页底部,,sysTaskPreviousPageCommand|sysTaskNextPageCommand|sysTaskWizardConfirmCommand|sysTaskWizardAssignCommand,align|reviseIndex,right|0
sysNewTaskAddDeliverablesToolbar,新增交付物,新增交付物,sysNewTaskAddDeliverablesCommand,,
sysNewTaskInstanceAddDeliverablesToolbar,新增交付物,新增交付物,sysNewTaskInstanceAddDeliverablesCommand,,
sysNewTaskInstanceAddDeliverablesFloatToolbar,实例交付物悬停toolbar,交付物,sysAddDeliverablesBatchDeleteCommand,,
sysNewTaskAddDeliverablesFloatToolbar,实例交付物悬停toolbar,交付物,sysDeliverablesBatchDeleteCommand,,
sysNewTaskInstanceAdmeaFloatToolbar,新建子任务悬浮toolbar,交付物,sysNewTaskInstanceAdmeaBatchDeleteCommand,,
sysProcessTaskDeliverablesToolbar,工艺任务新增交付物,工艺任务新增交付物,sysProcessTaskAddDeliverablesCommand|sysProcessTaskNewDeliverablesCommand,,
sysAddDeliverablesDeleteToolbar,操作,basic.common.toolbar.ItemManagerTableOptionToolBar,sysAddDeliverablesDeleteSessionCommand,,
sysInstanceSubtasksToolbar,操作,basic.common.toolbar.ItemManagerTableOptionToolBar,sysInstanceDetailObjectTransferLinkCommand|sysInstanceDetailObjectAssignLinkCommand|sysInstanceDetailObjectCancelLinkCommand|sysInstanceDetailObjectDeleteLinkCommand,,
sysTaskManagementOptionToolbar,操作,basic.common.toolbar.ItemManagerTableOptionToolBar,assignCommand|transferCommand|sysInstanceDetailObjectPauseLinkCommand|sysInstanceDetailObjectCancelLinkCommand|taskDeleteCommand,,
sysNewAssignmentTaskToolbar,新建指派任务,productdesign.toolbar.sysNewAssignmentTaskToolbar,singleTaskCommand|batchAssignmentCommand,,
CancelAttentionToolBar,取消关注,basic.common.toolbar.CancelAttentionToolBar,cancelAttentionCommand,,
DeleteToolbar,,basic.common.toolbar.DeleteToolbar,sysfloatDeleteCommand,,
sysProductDesignStoreFloatToolbar,产品设计库浮动,basic.common.toolbar.ProductDesignStoreFloatToolbar,sysfloatCheckInCommand|sysfloatCheckOutCommand|sysBatchDonwloadCommand|sysBatchCopyFolderCommand|sysfloatCancelCheckOutCommand|sysfloatCheckOutTransferCommand|sysfloatDeleteCommand|sysBatchCopyObjectCommand_|sysfloatMoveCommand|ItemManagerTableFloatOptionOthersToolBar_|sysERPBatchOptionCommand|sysGlobalSearchBatchModifyOwnerCommand,,
sysWorkbenchTodoOptionToolbar,操作,basic.common.toolbar.sysWorkbenchTodoOptionToolbar,sysInstanceDetailObjectStartLinkCommand|sysInstanceDetailObjectUpdateLinkCommand|sysInstanceDetailObjectPauseLinkCommand|sysInstanceDetailObjectSubmitLinkCommand|sysInstanceDetailObjectAdmeaLinkCommand|sysInstanceDetailObjectWithdrawLinkCommand,,
sysWorkbenchProcessTaskOptionToolbar,操作,basic.common.toolbar.sysWorkbenchTodoOptionToolbar,sysInstanceDetailObjectStartLinkCommand|sysInstanceDetailObjectUpdateLinkCommand|sysInstanceDetailObjectPauseLinkCommand|sysInstanceDetailProcessObjectCompleteLinkCommand|sysInstanceDetailObjectWithdrawLinkCommand,,
sysNoticeOptionCheckedToolbar,关注选中,basic.common.toolbar.sysNoticeOptionCheckedToolbar,sysNoticeCheckedCommand,,
sysNoticeToolbar,系统通知,basic.common.toolbar.sysNoticeOptionCheckedToolbar,sysNoticeCommand|noticeSearchCommand|selectAllCommand|sysNoticeMoreCommand|sortCommand,align|reviseIndex,right|2
sysNoticeFloatToolbar,系统通知浮动,basic.common.toolbar.sysNoticeFloatToolbar,sysSetAsReadCommand|sysSetAsUnreadCommand|sysNoticeDeleteCommand|sysCancelCommand,,
sysSceneEntryToolbar,场景入口,basic.common.toolbar.sysSceneEntryToolbar,sysManageCommand,align|reviseIndex|showTitle,right|0|true
sysNoticeMoreToolbar_,更多,,selectAllCommand|showAllCommand|showReadCommand|showUnReadCommand,nzIcon,ellipsis
noticeSearchToolbar,搜索,,noticeSearchCommand,nzIcon,search
sysProductDesignPartOptionToolBar,操作,basic.common.toolbar.sysProductDesignPartOptionToolBar,previewCommand|checkOutCommand|sysTempDeleteCommand|sysDesignStoreOtherToolBar,,
sysProductDesignStoreOptionToolBar,操作,basic.common.toolbar.ProductDesignStoreOptionToolBar,sysTempDeleteCommand|sysCopyObjectCommand|sysPublicSpaceMoveCommand|ItemManagerTableOptionOthersToolBar,,
sysPTManageOptionToolBar,产品库模板（三）操作,basic.common.toolbar.ProductDesignStoreOptionToolBar,sysTempDeleteCommand|sysModifyFolderCommand,,
sysTeamToolbar,团队,basic.common.toolbar.sysTeamToolbar,sysNewRoleCommand|sysRoleSearchText|sysTeamMoreToolbar,align|reviseIndex,right|3
sysTeamOptionToolbar,操作,basic.common.toolbar.sysTeamOptionToolbar,sysTeamDeleteCommand|sysTeamAuthorityCommand|sysTeamOptionMoreToolbar,,
sysTeamOptionMoreToolbar,更多,basic.common.toolbar.ItemManagerTableOptionOthersToolBar,|sysEditRoleCommand|sysCheckInCommand|sysCheckOutCommand,masterStyle,link
sysTeamMoreToolbar,更多,basic.common.toolbar.ItemManagerTableOptionOthersToolBar,sysCopyTeamCommand|sysPasteTeamCommand|sysAuthorityCommand,,
sysDemandToolbar,需求管理,basic.common.toolbar.sysDemandToolbar,sysDemandNewCommand|sysDemandSearchText|sysDemandManagementOtherToolbar,align|reviseIndex,right|2
sysDemandOptionToolbar,操作,basic.common.toolbar.sysDemandToolbar,sysDemandApprovalProjectCommand|sysDemandCompleteCommand|sysDemandDiscontinueCommand,,
sysCreateWorkflowToolbar,创建工作流,basic.common.toolbar.sysCreateWorkflowToolbar,sysApproveSubmitCommand|sysApproveDeleteCommand,,
sysApproveToolbar,审批,basic.common.toolbar.sysApproveToolbar,sysApproveSubmitCommand|sysApproveDeleteCommand|sysAgreeCommand|sysRejectCommand|sysApproveCancelCommand|sysAddApproveActivityCommand|sysApproveTransferCommand_,,
sysOpenProcessDetailToolbar,流程详情,basic.common.toolbar.sysApproveToolbar,sysProcessDetailCreateCommand|sysProcessDetailCommand,,
sysApproveOptionToolbar,操作,basic.common.toolbar.sysApproveOptionToolbar,sysApproveObjectDeleteCommand|sysyApproveCheckInCommand|sysModelViewStructureCommand|sysBOMViewStructureCommand,,
sysApproveObjectToolbar,审批对象,basic.common.toolbar.sysApproveObjectToolbar,sysWorkflowAddCommand|sysRelatedApprovalAnalysisCommand|sysWorkflowPasteCommand|sysDrawApproveCommand|sysDrawDownloadAllCommand|sysRefreshInvalidAnnexCommand|sysWorkflowExportCommand,align|reviseIndex,right|7
sysApproveObjectOptionToolbar,操作,basic.common.toolbar.sysApproveObjectOptionToolbar,sysApproveObjectDeleteCommand|sysRelatedApprovalAnalysisCommand_|sysyApproveCheckInCommand|sysRefreshCommand|sysWorkflowAnnotationCommand_,,
sysRelationshipViewOptionToolbar,操作,,sysApproveObjectDeleteCommand|sysRefreshCommand|sysWorkflowAnnotationCommand_,,
sysDrawApproveAnnotationFooterToolbar,批注详底部toolbar,,sysDrawApproveAnnotationJumpToNextOneCommand|sysDrawApproveAnnotationCancelCommand|sysDrawApproveAnnotationSubmitCommand,,
sysDesignReviewToolbar,设计评审,basic.common.toolbar.sysDesignReviewToolbar,sysReviewAddCommand|sysReviewTaskImportCommand|sysReviewRelatedCommand|sysReviewRelatedDrawCommand|sysReviewPasteCommand,,
sysDesignReviewOptionToolbar,操作,basic.common.toolbar.sysDesignReviewOptionToolbar,sysViewStructureCommand|sysReviewCommand,,
searchToolbar,搜索框,basic.common.toolbar.searchToolbar,searchText,,
BOMSearchToolbar,搜索框,basic.common.toolbar.searchToolbar,sysProductDetailSearchText,,
sysAddChildNodeSearchToolbar,搜索,basic.common.toolbar.searchToolbar,searchText|sysAddChildNodeGlobalSearchCommand,align|reviseIndex,left|2
sysWorkflowSearchToolbar,搜索框,basic.common.toolbar.searchToolbar,searchText|sysWorkflowSearchCommand,align|reviseIndex,left|2
searchTextToolbar,搜索框,basic.common.toolbar.searchToolbar,sysNewPartCommand|searchText,,
sysDemandManagementOptionToolbar,操作,basic.common.toolbar.sysDemandManagementOptionToolbar,sysDemandCheckoutCommand|sysDemandDeleteCommand|sysDemandCopyCommand|sysDemandSaveAsCommand|sysDemandManagementMoreToolbar,,
sysDemandManagementMoreToolbar,更多,basic.common.toolbar.ItemManagerTableOptionOthersToolBar,sysDemandCheckoutCommand,masterStyle,link
sysDemandManagementOtherToolbar,其他,common.toolbar.sysInstanceMoreOperationToolbar,sysDemandCheckoutCommand,nzIcon,unordered-list
sysDemandItemOptionToolBar,操作,basic.common.toolbar.sysDemandItemOptionToolBar,sysDemandItemEditCommand|sysDemandItemExecuteCommand|sysDemandItemRemoveCommand|sysDemandItemDeleteCommand|sysDemandItemOptionMoreToolbar,,
sysDemandItemOptionMoreToolbar,更多,basic.common.toolbar.ItemManagerTableOptionOthersToolBar,sysDemandCheckoutCommand,masterStyle,link
sysDemandItemToolbar,需求条目,basic.common.toolbar.sysDemandItemToolbar,sysDemandItemAddCommand|sysDemandSearchText||sysDemandItemOtherToolbar,align|reviseIndex,right|3
sysDemandItemOtherToolbar,其他,common.toolbar.sysInstanceMoreOperationToolbar,sysDemandCheckoutCommand,nzIcon,unordered-list
sysTestCaseOptionToolbar,操作,basic.common.toolbar.sysTestCaseOptionToolbar,sysTestCaseEditCommand|sysTestCaseExecuteCommand|sysTestCaseOptionMoreToolbar,,
sysTestCaseOptionMoreToolbar,更多,basic.common.toolbar.ItemManagerTableOptionOthersToolBar,sysDemandCheckoutCommand,masterStyle,link
sysTestCaseToolbar,测试用例,basic.common.toolbar.sysTestCaseToolbar,sysTestEditCommand|sysTestReviewCommand,,
sysSetParticipantsToolbar,设置参与人员,basic.common.toolbar.sysSetParticipantsToolbar,sysSelectTemplateCommand|sysNewTemplateCommand|sysDeleteTemplateCommand,,
sysProcessTableToolbar,工艺流程组成,basic.common.toolbar.sysProcessTableToolbar,sysNewProcessCommand,,
sysProcessTableOptionToolbar,工艺流程组成,basic.common.toolbar.sysProcessTableToolbar,sysremoveCommand,,
sysFileTableOptionToolbar,文件表格operation bar,basic.common.toolbar.sysProcessTableToolbar,sysFilePreviewCommand|sysFileDownloadCommand|sysMainFileCommand|sysFileDeleteCommand,,
sysWizardFileTableOptionToolbar,文件表格operation bar,basic.common.toolbar.sysProcessTableToolbar,sysWizardFilePreviewCommand|sysFileDownloadCommand|sysWizardMainFileCommand|sysWizardFileDeleteCommand,,
sysFileTableToolbar,文件表格Toolbar,,sysFileUploadCommand,,
sysObjectFileTableToolbar,文件表格Toolbar,,sysObjectFileUploadCommand,,
sysNewOutFileTaskTableToolbar,文件表格Toolbar,,sysTaskObjectFileUploadCommand,align|reviseIndex,left|0
sysObjectFileTableFloatToolbar,文件表格悬浮Toolbar,,sysObjectFileBatchDeleteCommand,,
sysApproveObjectFloatToolbar,悬浮操作,basic.common.toolbar.sysApproveObjectFloatToolbar,sysApproveObjectBatchCheckInCommand|sysApproveObjectBatchDownloadCommand_|sysApproveObjectBatchRemoveCommand|sysApproveObjectBatchCopyCommand,,
sysTreeTableHiddenPlusToolbar,关系首列隐藏操作,,sysAddChildNodeCommand|sysNewChildNodeCommand|sysPasteChildNodeCommand,icon|class,add|sysBOMTreeTableHiddenPlus
sysTreeTableHiddenToolbar,关系首列隐藏操作,,sysSwapNodeCommand|sysTreeTableHiddenPlusToolbar,,
sysBOMTreeTableHiddenPlusToolbar,BOM首列隐藏操作,,sysBOMAddChildNodeCommand|sysBOMNewChildNodeCommand|sysBOMPasteChildNodeCommand|sysBOMAddBrotherNodesCommand|sysBOMNewBrotherNodeCommand|sysBOMPasteBrotherNodeCommand|sysBOMSwapNodeCommand,icon|class|trigger,add|sysBOMTreeTableHiddenPlus|hover
sysBOMTreeTableHiddenToolbar,BOM首列隐藏操作,,sysBOMTreeTableHiddenPlusToolbar,,
sysMPSTableHiddenPlusToolbar,维护产品结构首列隐藏操作,,sysMPSAddChildNodeCommand|sysMPSNewChildNodeCommand|sysMPSPasteChildNodeCommand|sysMPSAddBrotherNodesCommand|sysMPSNewBrotherNodeCommand|sysMPSSwapNodeCommand,icon|class,add|sysBOMTreeTableHiddenPlus
sysMPSTableHiddenToolbar,维护产品结构首列隐藏操作,,sysMPSTableHiddenPlusToolbar,,
CommonSideToolbar,侧边栏,,sysRecentlyOpenedCommand|sysNoticeTableCommand|sysSearchCommand|sysChatFileCommand|sysQueueManagementCommand,,
sysMenu,页面左侧菜单,,sysMenuDashboardCommand|sysMenuWorkCommand|sysMenuLibraryCommand|sysMenuDesignCommand,,
sysNewMenu,页面左侧菜单(新),,dashboard|workbench|library|design|process|projectManage|tbmProjectManage,,
sysWizardECRToolbar,ECR向导页,,sysECMBaseInfoCommand|sysWizardECPCommand|sysECMAnnexCommand,,
sysECMfooterbar,ECM向导页底部,,sysECMPreviousPageCommand|sysECMNextPageCommand|sysECMCancelCommand|sysECMSaveCommand_|sysECMWizardCompleteCommand,align|reviseIndex,right|2
sysECMPlanToolbar,变更建议,ecm.title.ecp,sysECMNewToolbar,showTitle,true
sysECMOptionToolbar,操作,basic.common.toolbar.sysECMOptionToolbar,sysECMImpactAnalysisCommand|sysECMRemoveCommand|sysECMSavePerformerCommand,,
sysECMFloatToolbar,浮动toolbar,,sysECMBatchAssignCommand_|sysECMBatchImpactAnalysisCommand_|sysECNPlanBatchImpactAnalysisCommand|sysECMBatchRemoveCommand,,
sysWizardECMPlanToolbar,变更建议,,sysWizardECMNewToolbar,,
sysECMPlanOptionToolbar,操作,basic.common.toolbar.sysECMPlanOptionToolbar,sysECMImpactAnalysisCommand|sysECMOpenDrawCommand_|sysECMStartCommand|sysECMCompleteCommand|sysECMMoreToolbar,,
sysWizardECOTableToolbar,操作,basic.common.toolbar.sysECMPlanWizardOptionToolbar,sysECMWizardOpenDrawCommand_|sysECMWizardSavePerformerCommand|sysECMWizardDeleteCommand|sysECMWizardMoreToolbar,,
sysECMWizardMoreToolbar,更多,basic.common.toolbar.ItemManagerTableOptionOthersToolBar,sysECMImpactAnalysisCommand|sysECMWizardStartCommand|sysECMWizardOptionCompleteCommand|sysECMWizardCancelEcoCommand|sysECMWizardCancelSubEcoCommand,masterStyle,link
sysECMMoreToolbar,更多,basic.common.toolbar.ItemManagerTableOptionOthersToolBar,sysECMDeleteCommand|sysECMSavePerformerCommand|sysECMCancelSubEcoCommand|sysECMCancelEcoCommand,masterStyle,link
sysECMAnnexToolbar,ECM附件,,sysECMAnnexAddCommand,,
sysECMAnnexOptionToolbar,操作,basic.common.toolbar.sysECMAnnexOptionToolbar,,,
sysDrawApproveOptionToolbar,操作,,sysDrawApproveDownloadCommand,,
sysRecentlyOpenFloatToolbar,最近打开浮动,,sysRecentlyOpenBactchCopyCommand,,
sysGlobalSearchTableOptionToolbar,全局搜索option,,sysCopyObjectCommand|sysDonwloadCommand,,
sysTableObjectGlobalSearchTableOptionToolbar,table对象类型全局搜索option,,sysCopyObjectCommand,,
sysBatchGlobalSearchFloatToolbar,高级搜索批量操作,,sysERPBatchGlobalSearchOptionCommand|sysGlobalSearchBatchBomCompareCommand|sysGlobalSearchExportCommand|sysBatchDonwloadCommand|sysGlobalSearchBatchDeleteCommand|sysGlobalSearchBatchModifyOwnerCommand,,
sysInstanceProcessToolbar,流程,common.toolbar.sysInstanceProcessToolbar,,showTitle,true
sysInstanceReversionToolbar,版本,common.toolbar.sysInstanceReversionToolbar,,showTitle,true
sysECMNewToolbar,新建,basic.common.toolbar.sysPublicSpaceNewToolbar,sysECMNewECPCommand|sysECMBatchNewECPCommand,masterStyle,primary
sysWizardECMNewToolbar,,basic.common.toolbar.sysPublicSpaceNewToolbar,sysWizardECPNewECPCommand|sysWizardECPBatchNewECPCommand,masterStyle,primary
sysECNWizardtoolbar,ECN向导页,,sysECNBaseInfoCommand|sysWizardECOCommand|sysECNAnnexCommand,,
sysWizardECNPlanToolbar,设计变更实施计划,ecm.title.ecoPlane,sysWizardECNNewToolbar,showTitle,true
sysWizardECNNewToolbar,新建,basic.common.toolbar.sysPublicSpaceNewToolbar,sysWizardNewNormalEcoCommand|sysWizardNewBatchEcoCommand,masterStyle,primary
sysECNPlanToolbar,设计变更实施计划,ecm.title.ecoPlane,sysECNNewToolbar,,
sysECNNewToolbar,新建,basic.common.toolbar.sysPublicSpaceNewToolbar,sysNewNormalEcoCommand|sysNewBatchEcoCommand,masterStyle,primary
sysChangeScopeToolbar,变更范围,ecm.title.changeScope,sysChangeScopeAddCommand,showTitle,true
sysChangeScopeOptionToolbar,操作,,sysChangeScopeRemoveCommand,,
sysChangeSuggestionOptionToolbar,操作,,sysDeleteRootMasterCommand|sysDeleteChildDetailCommand_|sysSingleBuildECOCommand,,
sysChangeSuggestionFloatToolbar,变更请求浮动,,sysBuildECOCommand,,
sysECNNoticeToolbar,变更请求,ecm.title.ecr,sysECNNoticeAddCommand,,
sysECNSuggestionToolbar_,变更请求,ecm.title.ecr,sysECNNoticeAddCommand,showTitle,true
sysPropertyChangeToolbar,属性变更,ecm.title.propertyChange,,,
sysBOMChangeToolbar,BOM变更,ecm.title.BOMChange,,,
sysECOOtherToolbar,其他,ecm.title.otherChange,sysECOAddECICommand,,
sysSelectLocationToolbar,选择位置,,sysSelectLocationFilterCommand|sysSelectLocationSearchCommand,reviseIndex,2
sysInsIterationToolbar,操作,,sysRollbackIterationCommand|sysCheckoutAndRollbackItronCommand,,
sysIntegrateOptionToolbar,操作,,sysRestartQueueCommand|sysDeleteQueueCommand|sysCancelQueueCommand,,
sysReportOptionToolbar,操作,,sysRestartQueueCommand|sysDeleteQueueCommand|sysCancelQueueCommand,,
sysFileTransOptionToolbar,操作,,sysRestartFileTransCommand|sysDeleteFileTransCommand|sysCancelFileTransCommand,,
IntegrateTableFloatOptionToolBar,操作,,sysDatchRestartQueueCommand|sysDatchDeleteQueueCommand|sysDatchCancelQueueCommand,,
ReportTableFloatOptionToolBar,操作,,sysDatchRestartQueueCommand|sysDatchDeleteQueueCommand|sysDatchCancelQueueCommand,,
FileTransTableFloatOptionToolBar,操作,,sysDatchRestartFileTransCommand|sysDatchDeleteFileTransCommand|sysDatchCancelFileTransCommand,,
sysChangeScopeFloatToolbar,变更范围表格浮动,,sysBatchSettingCommand|sysChangeScopeBatchRemoveCommand,,
sysECNPlanFloatToolbar,实施计划表格浮动,,sysECNPlanBatchImpactAnalysisCommand|sysECNPlanBatchAssignCommand|sysECMBatchStartCommand|sysECMBatchCompleteCommand|sysECMBatchRemoveCommand|sysECMBatchCancelSubCommand|sysECMBatchCancelCommand|sysECNPlanChangeContentCommand,,
sysWizardECNPlanFloatToolbar,实施计划表格浮动,,sysECNPlanBatchImpactAnalysisCommand|sysECNPlanBatchAssignCommand|sysWizardECMBatchStartCommand|sysECMBatchCompleteCommand|sysECMBatchRemoveCommand|sysECMBatchCancelSubCommand|sysECMBatchCancelCommand|sysECNPlanChangeContentCommand,,
sysECMGlobalSearchTableOptionToolbar,操作,,sysECMSelectFromStructureCommand|sysECMItemSelectFromStructureCommand|sysECMCadSelectFromStructureCommand,,
sysChangeNoticeToolbar,变更通知,ecm.title.relatedECN,,showTitle,true
sysInstanceFileTransToolbar,文件转换,queue.title.fileTrans,sysFileTransOnlyCommand|sysEleSignOnlyCommand|sysFileTransAndSignCommand,masterStyle|visiableExpression|visiableURL,link|`$OBJECTTYPE$==='2DCad'||$OBJECTTYPE$==='3DCad'||$OBJECTTYPE$==='ECad'||$OBJECTTYPE$==='Doc'`|/Queue/ITransformService/listTransConfig?GUID$=$GUID$&CLASSGUID$=$CLASSGUID$&CLASSNAME$=$CLASSNAME$
sysECOInstanceDetailToolbar,ECO的toolbar,basic.common.toolbar.sysInstanceDetailToolbar,sysECOSaveCommand|sysECOStartToolbarCommand|sysECOCompleteToolbarCommand|sysECOCancelSubToolbarCommand|_sysECOCancelToolbarCommand|_sysECODeleteToolbarCommand,,
sysECPInstanceDetailToolbar,ECP的toolbar,basic.common.toolbar.sysInstanceDetailToolbar,sysECPSaveCommand|sysECPDeleteToolbarCommand,align|reviseIndex,left|3
spaceToolBar,操作,,sysCopyObjectCommand,,
sysEcImpactAnalysisToolbar,影响分析,,sysEcImpactAnalysisSelectCommand,,
sysEcImpactAnalysisOptionToolbar,操作,,sysEcImpactAnalysisAddCommand,,
sysEcImpactAnalysisFloatToolbar,影响分析表格浮动,,sysEcImpactAnalysisBatchAddCommand,,
sysECPTableToolbar,操作列(变更建议表格),basic.common.toolbar.sysECMPlanWizardOptionToolbar,sysECPTableDeleteCommand|sysECMImpactAnalysisCommand,,
sysWizardECPTableToolbar,操作列(向导变更建议表格),basic.common.toolbar.sysECMPlanWizardOptionToolbar,sysWizardECPTableDeleteCommand|sysECMImpactAnalysisCommand,,
sysReplaceProgrammeToolbar,替代方案,,sysReplaceProgrammeAddCommand,,
sysReplaceProgrammeTableOptionToolbar,替代方案操作列,,sysReplaceProgrammeDeleteCommand|sysReplaceProgrammeSaveAsCommand,,
sysReplaceSchemeBatchToolbar,替代方案批量操作,,sysReplaceSchemeBatchDeleteCommand,,
sysReplaceProgrammeNewMainItemToolbar,新增主物料toolbar,basic.common.toolbar.sysReplaceProgrammeNewMainItemToolbar,sysNewMainItemCommand_,,
sysReplaceProgrammeNewReplaceItemToolbar,新增替代物料toolbar,basic.common.toolbar.sysReplaceProgrammeNewReplaceItemToolbar,sysNewReplaceItemCommand,,
sysMainItemTableOperationToolbar,主物料表格操作列,,,,
sysReplaceItemTableOperationToolbar,替代物料表格操作列,,,,
sysNewOutInstanceDetailOthersToolbar,更多,common.toolbar.sysInstanceMoreOperationToolbar,sysOutInstanceSaveAsCommand|sysOutInstanceMoveCommand|sysOutInstanceDeleteCommand|sysOutCancelCheckOutCommand_|sysOutNewRevisionCommand|sysOutopenDesignCommand_|sysOutEditReplaceSubstituteCommand|sysOutCheckOutTransferCommand|sysOutModifyOwnerCommand|sysOutIterationCommand|sysOutCopyObjectCommand|sysTransferFileCommand|sysNewOutInstanceFileTransToolbar_|sysOutOpenECRCommand|sysOutOpenECNCommand|sysOutInstanceViewCommand|sysERPCommand|sysOutCreateBOMCommand,nzIcon|trigger,unordered-list|hover
sysNewOutInstanceDetailToolbar,详细信息,basic.common.toolbar.sysInstanceDetailToolbar,sysOutCheckInCommand_|sysOutCheckOutCommand_|sysOutInstanceSaveCommand_|sysOutopenDesignCommand|sysOutStartWFCommand|sysNewOutInstanceDetailOthersToolbar,align,right
sysNewOutInstanceFileTransToolbar,文件转换,queue.title.fileTrans,sysOutFileTransOnlyCommand|sysOutEleSignOnlyCommand|sysOutFileTransAndSignCommand,masterStyle|visiableExpression|visiableURL,link|`$OBJECTTYPE$==='2DCad'||$OBJECTTYPE$==='3DCad'||$OBJECTTYPE$==='ECad'`|/Queue/ITransformService/listTransConfig?GUID$=$GUID$&CLASSGUID$=$CLASSGUID$&CLASSNAME$=$CLASSNAME$
sysDrawApproveToolbar,图纸审批,basic.common.toolbar.sysDrawApproveToolbar,sysSaveIntevueCommentCommand|sysDrawApproveNextCommand|sysDrawApprovePreviousCommand|sysDrawApproveDownLoadAllCommand,,
sysMainItemTableOptionToolbar,主物料表格操作列,basic.common.toolbar.sysMainItemTableOptionToolbar,sysMainItemTableRemoveCommand,,
sysMainItemTableBatchToolbar,主物料表格批量操作,basic.common.toolbar.sysMainItemTableBatchToolbar,sysMainItemTableBatchRemoveCommand,,
sysReplaceItemTableOptionToolbar,替代物料表格操作列,basic.common.toolbar.sysReplaceItemTableOptionToolbar,sysReplaceItemTableAddCommand_|sysReplaceItemTableRemoveCommand,,
sysReplaceItemTableBatchToolbar,替代物料表格批量操作,basic.common.toolbar.sysReplaceItemTableOptionToolbar,sysReplaceItemTableBatchRemoveCommand|sysReplaceItemBatchEffectiveDateCommand|sysReplaceItemBatchExpirationDateCommand,,
sysMainItemAddTableOperationToolbar,新增主物料表格操作列,basic.common.toolbar.sysMainItemAddTableOperationToolbar,sysReferenceMainItemTableCommand,,
sysUsedBOMTableOptionToolbar,被用在BOM表格操作列,basic.common.toolbar.sysUsedBOMTableOptionToolbar,sysNewUsedBOMTableDeleteCommand,,
sysUsedBOMFloatToolbar,被用在BOM表格浮动toolbar,basic.common.toolbar.sysUsedBOMFloatToolbar,sysNewUsedBOMTableBatchDeleteCommand,,
sysUsedBOMTableToolbar,被用在BOM页签toolbar,basic.common.toolbar.sysUsedBOMTableToolbar,sysUsedBOMAddCommand,,
sysUsedBOMAddTableToolbar,被用在BOM新增toolbar,basic.common.toolbar.sysUsedBOMAddTableToolbar,sysUsebBOMSearchCommand,,
sysMainItemAddTableToolbar,新增主物料搜索toolbar,basic.common.toolbar.sysMainItemAddTableToolbar,sysNewMainItemSearchCommand,,
sysReferenceMainItemSearchToolbar,参考主物料搜索toolbar,basic.common.toolbar.sysReferenceMainItemToolbar,sysReferenceMainItemSearchCommand,,
sysReferenceSubstituteItemToolbar,参考替代物料搜索toolbar,basic.common.toolbar.sysReferenceSubstituteItemToolbar,sysReferenceSubstituteItemSearchCommand,,
sysReplaceGettingTableToolbar,替代获取表格toolbar,basic.common.toolbar.sysReplaceGettingTableToolbar,sysReplaceGettingTableSearchCommand,,
sysReplaceDetailInfoSaveToolbar,替代详细信息保存toolbar,basic.common.toolbar.sysReplaceDetailInfoSaveToolbar,sysReplaceDetailInfoSaveCommand,,
sysECOOtherTableToolbar,操作,,eciEditCommand|sysECODeleteECICommand,,
sysDesignListToolBar,设计清单,basic.common.toolbar.sysDesignListToolBar,sysDesignListSearchCommand,,
sysDesignListRevocationOptionToolBar,设计清单操作,basic.common.toolbar.sysDesignStoreOptionToolBar,sysDivideWorkCommand|sysSendWorkCommand|sysRevocationCommand,,
sysDesignStoreOtherToolBar_,更多,common.toolbar.sysInstanceMoreOperationToolbar,sysInstanceDeleteCommand||sysNewRevisionCommand|sysOpenECRCommand,nzIcon|trigger,unordered-list|hover
sysDesignListBatchOptionToolbar,设计清单批量操作,basic.common.toolbar.sysDesignListOptionToolbar,sysfloatDesignListBatchSendWorkCommand|sysfloatDesignListBatchDivideWorkCommand|sysfloatDesignListBatchRevocationOptionCommand,,
sysFabricationProcessInstanceDetailToolbar,制造大纲的toolbar,basic.common.toolbar.sysInstanceDetailToolbar,sysNewOutInstanceDetailFormCheckInCommand|sysNewOutInstanceDetailFormCheckOutCommand|sysInstanceSaveCommand,align|reviseIndex,left|4
sysFabricationOutlineProcessFlowConstituteTableToolBar,制造大纲工工艺流程组成,工艺流程组成,sysFabricationOutlineProcessFlowConstituteNewCommand|sysFabricationOutlineProcessFlowConstituteAddCommand|sysFabricationOutlineProcessFlowConstituteGeneratePBOMCommand|sysFabricationOutlineProcessFlowConstituteSerialNumberRefreshCommand,,
sysFabricationOutlineProcessFlowConstituteProcessAddToolBar,制造大纲工工艺流程组成,工艺流程组成,sysFabricationOutlineProcessFlowConstituteProcessAddSearchCommand,,
sysFabricationOutlineProcessFlowConstituteOptionToolBar,制造大纲工工艺流程组成操作,basic.common.toolbar.ItemManagerTableOptionToolBar,sysFabricationOutlineProcessFlowConstituteExportSOPCommand|sysFabricationOutlineProcessFlowConstituteDeleteCommand,,
sysFabricationOutlineProcessFlowConstituteBatchToolbar,,basic.common.toolbar.DeleteToolbar,sysFabricationOutlineProcessFlowConstituteBatchExportSOPCommand|sysFabricationOutlineProcessFlowConstituteBatchDeleteCommand,,
sysFabricationOutlineProcessFlowConstituteTablePlusToolbar,制造大纲制造工序添加新建Toolbar,,sysFabricationOutlineProcessFlowConstituteTablePlusMoreToolbar,,
sysFabricationOutlineProcessFlowConstituteTablePlusMoreToolbar,制造大纲制造工序添加新建Toolbar,,sysFabricationOutlineProcessFlowConstituteAddBrotherNodeCommand|sysFabricationOutlineProcessFlowConstituteNewBrotherNodeCommand,icon|class|trigger,add|sysBOMTreeTableHiddenPlus|hover
sysAssemblyOutlineProcessFlowConstituteToolBar,装配大纲工艺流程组成toolbar,装配大纲工艺流程组成toolbar,sysAssemblyOutlineProcessFlowConstituteAddCommand|sysAssemblyOutlineProcessFlowConstituteDeleteCommand|sysAssemblyOutlineProcessFlowConstituteGeneratePBOMCommand,,
sysAssemblyOutlineProcessFlowConstituteNewAndAddToolbar,装配大纲table的toolbar,basic.common.toolbar.DeleteToolbar,sysAssemblyOutlineProcessFlowConstituteTableNewCommand|sysAssemblyOutlineProcessFlowConstituteTableAddCommand|sysAssemblyOutlineProcessFlowConstituteSerialNumberRefreshCommand,,
sysAssemblyOutlineProcessFlowConstituteBatchToolbar,装配大纲table的批量toolbar,basic.common.toolbar.DeleteToolbar,sysAssemblyOutlineProcessFlowConstituteBatchExportSOPCommand|sysAssemblyOutlineProcessFlowConstituteBatchCopyCommand|sysAssemblyOutlineProcessFlowConstituteBatchDeleteCommand,,
sysAssemblyOutlineProcessFlowConstituteTableOptionToolBar,装配大纲table的操作列toolbar,装配大纲table的操作列toolbar,sysAssemblyOutlineProcessFlowConstituteExportSOPCommand|sysAssemblyOutlineProcessFlowConstituteOptionDeleteCommand,,
sysAssemblyOutlineProcessFlowConstituteProcessAddToolBar,制造大纲工工艺流程组成,工艺流程组成,sysAssemblyOutlineProcessFlowConstituteProcessAddSearchCommand,,
sysOperatingStationAddToolBar,作业站添加弹窗toolbar,,sysOperatingStationAddSearchCommand,,
sysAssemblyOutlineProcessFlowConstituteTablePlusToolbar,装配大纲制造工序添加新建Toolbar,,sysAssemblyOutlineProcessFlowConstituteTablePlusMoreToolbar,,
sysAssemblyOutlineProcessFlowConstituteTablePlusMoreToolbar,制造大纲制造工序添加新建Toolbar,,sysAssemblyOutlineProcessFlowConstituteAddBrotherNodeCommand|sysAssemblyOutlineProcessFlowConstituteNewBrotherNodeCommand,icon|class|trigger,add|sysBOMTreeTableHiddenPlus|hover
sysProductTemplateManageToolBar,产品库模板管理,basic.common.toolbar.ItemManagerTableOptionToolBar,sysTemplateManageSearchCommand,,
sysProductTemplateManageOptionToolBar,操作,basic.common.toolbar.ItemManagerTableOptionToolBar,sysTemplateManageEditCommand|sysTemplateManageTeamCommand|sysTemplateManageStopCommand|sysTemplateManageEnableCommand|sysTemplateManageDeleteCommand,,
sysLightWeightDrawingOptionToolbar,轻量图纸预览toolbar,预览,sysLightWeightDrawingPreviewCommand
sysInstanceDetailTaskObjectToolbar,任务对象详细信息,basic.common.toolbar.sysInstanceDetailToolbar,sysInstanceDetailObjectSaveCommand|sysInstanceDetailObjectAssignCommand|sysInstanceDetailObjectDeleteCommand|sysInstanceDetailObjectStartCommand|sysInstanceDetailObjectTransferCommand|sysInstanceDetailObjectUpdateCommand|sysInstanceDetailObjectPauseCommand|sysInstanceDetailObjectSubmitCommand|sysInstanceDetailObjectAdmeaCommand|sysInstanceDetailObjectCancelCommand|sysInstanceDetailObjectAuditCommand|sysInstanceDetailObjectWithdrawCommand,align|reviseIndex,left|13
sysInstanceDetailProcessTaskObjectToolbar,工艺任务对象详细信息,basic.common.toolbar.sysInstanceDetailToolbar,sysInstanceDetailObjectSaveCommand|sysInstanceDetailObjectAssignCommand|sysInstanceDetailObjectDeleteCommand|sysInstanceDetailObjectStartCommand|sysInstanceDetailObjectTransferCommand|sysInstanceDetailObjectUpdateCommand|sysInstanceDetailObjectPauseCommand|sysInstanceDetailProcessObjectCompleteCommand|sysInstanceDetailObjectAdmeaCommand|sysInstanceDetailObjectCancelCommand|sysInstanceDetailObjectAuditCommand|sysInstanceDetailObjectWithdrawCommand,align|reviseIndex,left|13
sysInstanceDetailTaskObjectTopOthersToolbar,任务对象详细信息,basic.common.toolbar.sysInstanceDetailToolbar,sysInstanceDetailTaskObjectOthersToolbar
sysInstanceDetailTaskObjectOthersToolbar,任务对象详细信息更多,common.toolbar.sysInstanceMoreOperationToolbar,sysInstanceDetailOthersJournalCommand
sysInstanceAddDeliverablesToolbar,新增交付物toolbar,交付物,sysBOMAddDeliverablesCommand|sysBOMDeliverablesNewCommand|sysAddDeliverablesDeleteCommand
sysProcessTaskDeliverablesOptionToolbar,工艺任务操作toolbar,工艺任务操作toolbar,sysProcessTaskDeliverablesDeleteCommand
sysInstanceAddJournalToolbar,新增子任务,新增子任务,sysAddJournalCommand
sysNewOutFileTableToolbar,附件表格Toolbar(新布局),,sysNewOutFileUploadCommand|sysDrawModelDownloadCommand,align|reviseIndex,left|0
sysProcessFileTableToolbar,工序附件表格Toolbar(新布局),,sysProcessFileUploadCommand,align|reviseIndex,left|0
sysNewOutFileTableOptionToolbar,文件表格operation(新布局),,sysNewOutFilePreviewCommand_|sysFileDownloadCommand|sysMainFileCommand|sysFileDeleteCommand,,
sysNewOutFileTaskTableOptionToolbar,文件表格operation(新布局),,sysNewOutFilePreviewCommand_|sysTaskFileDownloadCommand|sysTaskMainFileCommand|sysTaskFileDeleteCommand,,
sysNewOutInstanceDetailFormToolbar,form详细信息(新布局),,sysNewOutInstanceDetailFormCheckInCommand|sysNewOutInstanceDetailFormCheckOutCommand|sysNewOutInstanceFormCancelCheckOutCommand|sysNewOutInstanceFormSaveCommand,,
sysNewOutInstanceSaveAsFormToolbar,form另存为(新布局),,sysNewOutInstanceFormSaveAsAfterCommand,,
sysDeleteFolderPermissionRowToolBar,删除文件夹权限表格的某行toolbar,删除,sysDeleteFolderPermissionRowCommand
sysOrganUserToolbar,用户操作toolbar,,sysOrgantUserResetCommand|sysOrgantUserSaveCommand,align|reviseIndex,right|1
sysProjectManagementToolbar,项目管理,,sysProjectManagementNewCommand|sysProjectManagementSearchCommand|sysProjectTemplateManageCommand,align|reviseIndex,right|3
sysProjectManagementOptionToolbar,操作,,sysProjectManagementStartCommand|sysProjectManagementStopCommand|sysProjectManagementPusCommand|sysProjectManagementCompleteCommand|sysProjectOptionMoreToolbar
sysProjectWbsOptionToolbar,操作,,sysTaskStartCommand|sysTaskStopCommand|sysTaskPusCommand|sysTaskCompleteCommand|sysTaskOptionMoreToolbar
sysProjectWbsFloatToolbar,任务浮动toolbar,,sysTaskBatchCopyCommand
sysProjectWbsToolbar,任务页签,,sysTaskStartProjectCommand|sysProjectWbsMoreToolbar
sysProjectWbsMoreToolbar,更多,common.toolbar.sysInstanceMoreOperationToolbar,sysTaskChangeProjectCommand|sysTaskFinishChangeProjectCommand
sysWbsTableHiddenToolbar,wbs首列隐藏操作,,sysWbsNewChildNodeCommand|sysWbsNewBrotherNodeCommand,,
sysProjectOptionMoreToolbar,更多,common.toolbar.sysInstanceMoreOperationToolbar,sysProjectManagementDeleteCommand|sysProjectManagementChangeCommand,masterStyle,link
sysTaskOptionMoreToolbar,更多,common.toolbar.sysInstanceMoreOperationToolbar,sysTaskDeleteCommand|sysTaskCopyCommand|sysTaskImportFromTempCommand,masterStyle,link
sysBatchAddAdmeaToolbar,添加子任务分配任务界面,,sysBatchAddAdmeaCancelCommand|sysBatchAddAdmeaConfirmCommand|sysBatchAddAdmeaAssignCommand,align|reviseIndex,right|0
sysProcessingEquipmentTableOptionToolbar,加工设备,,sysCommonDeleteCommand,,
sysProcessingEquipmentTableToolbar,加工设备,,sysProcessCommonAddCommand,,
sysProcessingEquipmentTableFloatToolbar,加工设备,,sysProcessBatchDeleteCommand
sysMeasuringToolTableOptionToolbar,量检具,,sysCommonDeleteCommand,,
sysMeasuringToolTableToolbar,量检具,,sysProcessCommonAddCommand,,
sysMeasuringToolTableFloatToolbar,量检具,,sysProcessBatchDeleteCommand
sysMoldFixtureTableOptionToolbar,模夹具,,sysCommonDeleteCommand,,
sysMoldFixtureTableToolbar,模夹具,,sysProcessCommonAddCommand,,
sysMoldFixtureTableFloatToolbar,模夹具,,sysProcessBatchDeleteCommand
sysCGJYTableOptionToolbar,常规检验,,sysCommonDeleteCommand,,
sysCGJYTableToolbar,常规检验,,sysProcessJYCommonAddCommand,,
sysCGJYTableFloatToolbar,常规检验,,sysProcessBatchDeleteCommand
sysCCJYTableOptionToolbar,尺寸检验,,sysCommonDeleteCommand,,
sysCCJYTableToolbar,尺寸检验,,sysProcessJYCommonAddCommand,,
sysCCJYTableFloatToolbar,尺寸检验,,sysProcessBatchDeleteCommand
sysProcessMainItemTableOptionToolbar,主料,,sysCommonDeleteCommand,,
sysProcessMainItemTableToolbar,主料,,sysProcessItemCommonAddCommand|sysCommonAddBOMCommand,,
sysMainItemTableFloatToolbar,主料,,sysProcessBatchDeleteCommand
sysSecondaryItemTableOptionToolbar,辅料,,sysCommonDeleteCommand,,
sysSecondaryItemTableToolbar,辅料,,sysProcessItemCommonAddCommand,,
sysSecondaryItemTableFloatToolbar,辅料,,sysProcessBatchDeleteCommand
toolbarTest,toolbar测试专用,,toolbarTestCommand1|toolbarTestCommand2|toolbarTestCommand3|toolbarTestMore|toolbarRadioTestCommand|toolbarTestConfirmCommand,,
toolbarRadioTest,toolbar测试专用,,toolbarRadioTestCommand|toolbarCheckBoxTestCommand,,
toolbarSegmentTest,toolbar测试专用,,toolbarSegmentTestCommand,,
toolbarCheckBoxTest,toolbar测试专用,,toolbarCheckBoxTestCommand|toolbarCheckBoxTestShowCommand|toolbarIconCheckBoxShowCommand,,
toolbarTestMore,toolbar测试专用,toolbar测试专用,toolbarTestCommand4,,
toolbarTestCombo,toolbar测试专用,toolbar测试专用,toolbarTestCommand5,,
toolbarTestStatus,toolbar测试专用,toolbar测试专用,toolbarTestStatusCommand,,
toolbarTestLinkDelUrl,toolbar测试专用,toolbar测试专用,sysCodeItemDeleteTestCommand,,
toolbarGeneralStatus,toolbar测试专用,toolbar测试专用,toolbarTestSpanColorCommand,,
sysProcessTaskDistributionTableSearchToolbar,搜索,,sysProcessTaskDistributionSearchCommand,nzIcon,search
sysQueueToolbar,队列,,sysQueueRefreshCommand
sysProjectTemplateManageToolbar,,,sysProjectTemplateManagementNewCommand|sysProjectTemplateManagementSearchCommand
sysProjectTemplateManageOptionToolbar,,,sysProjectTemplateManagementStartCommand|sysProjectTemplateManagementStopCommand|sysProjectTemplateManagementDeleteCommand
sysOutlineSearchToolBar,大纲搜索弹窗toolbar,,sysOutlineSearchCommand,,
sysProcessNewOutFileTableOptionToolbar,文件表格operation(新布局),,sysProcessFileDownloadCommand|sysProcessMainFileCommand|sysProcessFileDeleteCommand,,
sysProcessManageToolBar,工艺管理toolbar,basic.common.toolbar.sysProcessManageToolBar,sysNewProcessManageCommand|sysProcessManageSearchText,,
sysProcessManagemenOptionToolBar,工艺管理操作toolbar,basic.common.toolbar.sysProcessManagemenOptionToolBar,sysProductDesignTeamCommand|sysProcessManagementEditCommand|sysProductDesignDeleteCommand,,
sysProcessManagemenOptionMoreToolBar,工艺管理操作列更多,common.toolbar.sysInstanceMoreOperationToolbar,sysProcessManagementEditCommand|sysProductDesignDeleteCommand,masterStyle,link
sysProcessManagemenItemToolBar,工艺管理文件夹库,publicspace.table.item.sysProcessManagemenItemToolBar,sysProcessManagemenItemNewToolbar|sysProductDetailSearchText,align|reviseIndex,left|3
sysProcessManagemenStoreFloatToolbar,工艺管理库浮动toolbar,basic.common.toolbar.sysProcessManagemenStoreFloatToolbar,sysfloatCheckInCommand|sysfloatCheckOutCommand|sysBatchDonwloadCommand|sysBatchCopyFolderCommand|sysfloatCancelCheckOutCommand|sysfloatCheckOutTransferCommand|sysfloatDeleteCommand|sysBatchCopyObjectCommand|sysfloatMoveCommand|ItemManagerTableFloatOptionOthersToolBar_|sysERPBatchOptionCommand|sysGlobalSearchBatchModifyOwnerCommand,,
sysProcessManagemenStoreOptionToolBar,工艺管理库操作toolbar,basic.common.toolbar.sysProcessManagemenStoreOptionToolBar,sysTempDeleteCommand|sysCopyObjectCommand|sysPublicSpaceMoveCommand|ItemManagerTableOptionOthersToolBar,,
sysProcessManagemenItemNewToolbar,新建（工艺管理）,basic.common.toolbar.sysPublicSpaceNewToolbar,sysPublicSpaceNewFolderCommand|sysProcessManagementNewAssemblyOutlineCommand|sysProcessManagementNewFabricationOutlineCommand|sysProcessManagementNewAssemblyProcessCommand|sysProcessManagementNewFabricationProcessCommand|sysProcessManagementNewProcessAssignmentCommand|sysProcessManagementNewProcessItemCommand|sysProcessManagementNewProcessOtherCommand|sysProcessManagementNewOperationStationCommand|sysProcessManagementNewDeviceCommand|sysProcessManagementNewMoldFixtureCommand|sysProcessManagementNewMeasuringToolCommand|sysProcessManagementNewPartCommand|sysProcessManagementNewDocCommand|sysProcessManagementNewDrawCommand|sysProcessManagementNewECCommand|sysProcessManagementNewOthersCommand,masterStyle,primary
sysECNOutDetailToolbar,ECN外部toolbar,basic.common.toolbar.sysInstanceDetailToolbar,sysOutStartWFCommand|sysECNOutDetailOthersToolbar,align,right
sysECNOutDetailOthersToolbar,更多,common.toolbar.sysInstanceMoreOperationToolbar,sysOutInstanceMoveCommand|sysOutInstanceDeleteCommand|sysOutCheckOutTransferCommand|sysOutModifyOwnerCommand|sysOutIterationCommand|sysOutCopyObjectCommand|sysECNCancelCommand|sysECNGenerateChangeOrderCommand,nzIcon|trigger,unordered-list|hover
sysECROutDetailToolbar,ECR外部toolbar,basic.common.toolbar.sysInstanceDetailToolbar,sysOutStartWFCommand|sysECROutDetailOthersToolbar,align,right
sysECROutDetailOthersToolbar,更多,common.toolbar.sysInstanceMoreOperationToolbar,sysOutInstanceMoveCommand|sysECRDeleteCommand|sysOutCheckOutTransferCommand|sysOutModifyOwnerCommand|sysOutIterationCommand|sysOutCopyObjectCommand|sysECRCancelCommand|sysECRCreateECNCommand,nzIcon|trigger,unordered-list|hover
sysECRDetailToolbar,详细信息toolbar(ECR),basic.common.toolbar.sysInstanceDetailToolbar,sysECRCheckInCommand|sysECRCheckOutCommand|sysECRCancelCheckOutCommand|sysECRInstanceSaveCommand,,
sysECNDetailToolbar,详细信息toolbar(ECN),basic.common.toolbar.sysInstanceDetailToolbar,sysECNCheckInCommand|sysECNCheckOutCommand|sysECNCancelCheckOutCommand|sysECNInstanceSaveCommand,,
sysECOOutStatusToolbar,ECO外部toolbar,basic.common.toolbar.sysInstanceDetailToolbar,sysECOStartWFCommand,align,right
sysWorkbenchProjectTaskOptionToolbar,项目任务操作,basic.common.toolbar.ItemManagerTableOptionToolBar,sysTaskStartCommand|sysTaskPusCommand|sysTaskTerminateCommand|sysTaskCompleteCommand|sysWorkbenchProjectTaskMoreToolbar
sysWorkbenchProjectTaskMoreToolbar,更多,common.toolbar.sysInstanceMoreOperationToolbar,sysUpdateTaskCommand|sysTaskRotorItemCommand,masterStyle,link
sysFileFloatToolbar,文件表格浮动toolbar,common.toolbar.sysInstanceMoreOperationToolbar,sysFileBatchUploadCommand|sysFileBatchDeleteCommand_,masterStyle,link
sysWizardFileFloatToolbar,文件表格浮动toolbar,common.toolbar.sysInstanceMoreOperationToolbar,sysWizardFileBatchUploadCommand|sysWizardFileBatchDeleteCommand,masterStyle,link
sysReplaceWithToolbar,取替代toolbar,,sysBomReplaceCommand
sysNewItemWizardtoolbar,新建物料,,sysNewItemDetailsInfoCommand,,
sysNewItemfooterbar,新建物料向导页底部,,sysNewItemCADTDCheckedCommand|sysNewItemPreviousPageCommand|sysNewItemNextPageCommand|sysNewItemCompleteCommand,align|reviseIndex,right|2
sysChangeContentOptionToolbar,编辑变更内容表格操作列,basic.common.toolbar.sysReplaceItemTableOptionToolbar,sysChangeContentDeleteCommand,,
sysChangeContentFloatToolbar,编辑变更内容表格浮动toolbar,basic.common.toolbar.sysReplaceItemTableOptionToolbar,sysChangeContentBatchDeleteCommand,,
sysChangeContentToolbar,编辑变更内容表格上方toolbar,basic.common.toolbar.sysReplaceItemTableOptionToolbar,sysChangeContentCheckCommand|sysChangeContentImportCommand|sysChangeContentExportCommand|sysChangeContentExportTemplateCommand|sysChangeBomSelectCommand,
sysBOMCompareToolbar,bom比较toolbar,basic.common.toolbar.sysBOMCompareToolbar,sysNextDifferCommand|sysPreDifferCommand|sysOnlyDifferCommand|sysExportDifferCommand,align|reviseIndex,right|0
sysRevisionFloatToolbar,版本浮动toolbar,,sysRevisionBatchBomCompareCommand
sysWorkbenchProjectTaskTableToolBar,项目任务表格操作列,,sysTaskStartCommand|sysTaskCompleteCommand
sysTBWorkbenchProjectTaskTableToolBar,项目任务tb表格操作列,,sysTbCompleteCommand
sysBomForkTopButtonToolbar,BOM派生页签(top-button),basic.common.toolbar.sysInstanceDetailToolbar,_sysBomForkTopSaveCommand|sysBomForkTopForkHisCommand|sysBomForkTopForkCommand,align|reviseIndex,right|0
sysBomForkOperationToolbar,BOM派生表格操作列,basic.common.toolbar.sysInstanceDetailToolbar,_sysBomForkOperaEditCommand|sysBomForkOperaCancelDelCommand|sysBomForkOperaDelCommand|sysBomForkOperaForkCommand,
sysBOMForkTableHiddenToolbar,BOM派生首列隐藏操作,,sysBOMForkSwapNodeCommand|sysBOMForkTableHiddenPlusToolbar,,
sysBOMForkTableHiddenPlusToolbar,BOM首列隐藏操作,,sysBOMForkAddChildNodeCommand,icon|class|trigger,add|sysBOMTreeTableHiddenPlus|hover
sysBomForkTableFloatToolbar,BOM派生表格浮动toolbar,basic.common.toolbar.sysInstanceDetailToolbar,sysBomForkBatchForkCommand|sysBomForkBatchDelCommand|sysBomForkBatchSetFieldCommand|sysBomForkBatchSaveCommand,,
sysBomHisFromTableToolBar,派生自表格,common.command.forkFrom,,showTitle,true
sysBomHisToTableToolBar,派生至表格,common.command.forkTo,,showTitle,true
sysBomHisToOperationToolbar,派生至表格操作列,basic.common.toolbar.sysInstanceDetailToolbar,sysBomForkBomComparisonCommand|_sysBomForkRestoreDerivativeCommand|sysBomForkHisDelCommand,
sysBomForkToolbar,BOM,basic.common.toolbar.sysInstanceBOMToolbar,sysBomForkColorHelpCommand,align|reviseIndex,left|2
sysGlobalSearchTableToolbar,全局搜索表格toolbar,basic.common.toolbar.sysGlobalSearchTableToolbar,sysGlobalSearchExportAllCommand,align|reviseIndex,right|0
sysNewOutInstanceDetailVersionOutToolbar,版序顶部工具栏,版序顶部工具栏,,showTitle|titleExpression|titleClass,true|'【'+$.i18n($BOTITLE$)+'】'+$FULLNAME$|layout-title
sysBomNewItemWizardToolbar,新建子阶向导toolbar,,sysBOMNewItemDetailsInfoCommand,,
sysBomNewItemFooter,新建子阶底部,,sysNewItemCADTDCheckedCommand|sysNewItemPreviousPageCommand|sysNewItemNextPageCommand|sysBOMNewItemCompleteCommand,align|reviseIndex,right|2
sysBomBrotherItemWizardToolbar,新建相邻向导toolbar,,sysBOMBrotherItemDetailsInfoCommand,,
sysBomBrotherNewItemFooter,新建相邻底部,,sysNewItemCADTDCheckedCommand|sysNewItemPreviousPageCommand|sysNewItemNextPageCommand|sysBOMBrotherNewItemCompleteCommand,align|reviseIndex,right|2
sysApproveErrorToolbar,,,sysStartWorkflowQuestionCommand
sysCreateProductWizardToolbar,新建相邻向导toolbar,,sysCreateProductCommand,,
sysCreateProductFooter,新建产品底部,,sysNewItemCADTDCheckedCommand|sysNewItemPreviousPageCommand|sysNewItemNextPageCommand|sysCreateProductCompleteCommand,align|reviseIndex,right|2
sysDeliverablesWizardToolbar,交付物新建向导toolbar,,sysDeliverablesCommand,,
sysDeliverablesFooter,交付物新建底部,,sysNewItemCADTDCheckedCommand|sysNewItemPreviousPageCommand|sysNewItemNextPageCommand|sysDeliverablesCompleteCommand,align|reviseIndex,right|2
sysRelatedWizardToolbar,相关对象新建向导toolbar,,sysRelatedCommand,,
sysRelatedFooter,相关对象新建底部,,sysNewItemPreviousPageCommand|sysNewItemNextPageCommand|sysRelatedCompleteCommand,align|reviseIndex,right|2
sysBRSInstanceDetailOthersToolbar,更多(替代关系),common.toolbar.sysInstanceMoreOperationToolbar,sysOutInstanceMoveCommand|sysOutInstanceDeleteCommand|sysOutModifyOwnerCommand|sysOutIterationCommand|sysOutCopyObjectCommand,nzIcon|trigger,unordered-list|hover
sysBRSInstanceDetailToolbar,详细信息(替代关系),basic.common.toolbar.sysInstanceDetailToolbar,sysOutopenDesignCommand|sysOutStartWFCommand|sysBRSInstanceDetailOthersToolbar,align,right
sysBRSUsedBOMTableOptionToolbar,被用在BOM表格操作列,basic.common.toolbar.sysBRSUsedBOMTableOptionToolbar,sysCopyObjectCommand
sysBRSPartToolbar,bom标准替代查看Toolbar(局部替代),,sysBRSPartNewlyBuiltCommand|sysBRSPartTakeEffectCommand,align|reviseIndex,left|2
sysBRSWholeToolbar,bom标准替代查看Toolbar(全局替代),,sysBRSWholeNewlyBuiltCommand|sysBRSWholeTakeEffectCommand,align|reviseIndex,left|2
sysBRSPartFloatToolbar,bom标准替代查看浮动Toolbar,,sysBRSBatchEffectiveDateCommand|sysBRSBatchExpirationDateCommand,,
sysBRSWholeFloatToolbar,bom标准替代查看浮动Toolbar,,sysBRSWholeTableBatchModifyCommand,,
sysBRSInstanceWholeFloatToolbar,bom标准替代查看-全局浮动Toolbar(实例界面),,sysBRSInstanceWholeTableBatchModifyCommand,,
sysBRSReplaceApplyForFooterbar,bom标准替代申请弹窗底部栏,,sysBRSApplyForPreviousCommand|sysBRSApplyForNextCommand|sysBRSApplyForCompleteCommand,align,right
sysBRSReplaceApplyForBaseToolbar,Bom标准替代申请弹窗form,,sysBRSReplaceApplyForBaseInfoCommand,,
sysBRSReplaceApplyForBaseHasSubToolbar,Bom标准替代申请弹窗form,,sysBRSReplaceApplyForBaseInfoCommand|sysBRSApplyForGlobalInitFormCommand,,
sysBRSPartOperationToolbar,bom标准替代查看Opt,,sysBRSPartDelCommand,,
sysBRSWholeOperationToolbar,bom标准替代查看-全局Opt,,sysWholeModifyCommand,,
sysBRSWholeInstanceOperationToolbar,bom标准替代查看-全局Opt(实例界面),,sysWholeInstanceModifyCommand,,
sysBRSDetailRightTopToolbar,BRSAFDT,,sysBRSAFDTImportCheckCommand|sysBRSAFDTExportTableCommand,,
sysBRSAFDMOperationToolbar,BRSAFD-主件表格Opt-移除END2,,sysBRSAFDMRemoveCommand,,
sysBRSAFDMComOperationToolbar,BRSAFD-主件表格Opt-从元件-移除END2,,sysBRSAFDMComRemoveCommand,,
sysBRSAFDROperationToolbar,BRSAFD-替代件表格Opt-移除END2,,sysBRSAFDRRemoveCommand,,
sysBRSAFDRComOperationToolbar,BRSAFD-替代件表格Opt-移除END2,,sysBRSAFDRComRemoveCommand,,
sysBRSAFDRGlobalOperationToolbar,BRSAFD-替代件表格Opt-移除END2,,sysBRSAFDRGlobalRemoveCommand,,
sysBRSAFDMToolbar,BRSAFD-主件表格toolbar,,sysBRSAFDMAddCommand,,
sysBRSDetailFormToolbar,form详细信息(新布局),,sysBRSDetailFormCheckInCommand|sysBRSDetailFormCheckOutCommand|sysBRSDetailFormCancelCheckOutCommand|sysBRSDetailFormSaveCommand,,
replaceRowSaveTypeToolbar,BRSAFD-替代件表格-行编辑-替代类型,,replaceRowSaveTypeCommand,,
sysBRSAFDMFloatToolbar,BRSAFD-主件表格float-批量移除END2,,sysBRSAFDMPatchRemoveCommand,,
sysBRSAFDMComFloatToolbar,BRSAFD-主件表格float-批量移除END2,,sysBRSAFDMComPatchRemoveCommand,,
sysBRSAFDRFloatToolbar,BRSAFD-主件表格float-批量移除END2,,sysBRSAFDRPatchRemoveCommand,,
sysBRSAFDRComFloatToolbar,BRSAFD-主件表格float-批量移除END2,,sysBRSAFDRPatchComRemoveCommand,,
sysBRSAFDRGlobalFloatToolbar,BRSAFD-主件表格float-批量移除END2,,sysBRSAFDRPatchGlobalRemoveCommand,,
sysInstanceBRSWholeToolbar,bom标准替代查看Toolbar(全局替代)-单页签,,sysInstanceBRSWholeNewlyBuiltCommand|sysBRSWholeTakeEffectCommand,align|reviseIndex,left|2
sysInstanceBRSPartToolbar,bom标准替代查看Toolbar(局部替代)-单页签,,sysBRSPartTakeEffectCommand,align,right
sysViewComprehensiveOverviewToolbar,综合视图批量下载,basic.common.toolbar.sysViewComprehensiveOverviewDownloadToolbar,sysViewComprehensiveOverviewDownloadCommand,align|reviseIndex,right|0
sysViewComprehensiveSaveConfigToolbar,综合视图批量下载保存勾选设置,basic.common.toolbar.sysViewComprehensiveSaveConfigToolbar,sysViewComprehensiveSaveConfigCommand,,
sysProductSaveConfigToolbar,对象批量下载保存勾选设置,basic.common.toolbar.sysViewComprehensiveSaveConfigToolbar,sysProductSaveConfigCommand,,
sysNewOutFileTableFloatToolbar,文件表格悬浮Toolbar(新布局),,sysNewOutFileBatchDownloadCommand,,
sysBRSSubRelationSearchToolbar,Bom标准替代申请替代关系元件查询(从元件),,sysBRSSubRelationSearchCommand,,
sysBRSAFDMComToolbar,BRSAFD-主件表格toolbar(从元件),,sysBRSAFDMComAddCommand,,
sysHeterogERPIntegrateOptionToolbar,操作,异构erp,sysHeterogERPRestartQueueCommand|sysHeterogERPDeleteQueueCommand|sysHeterogERPCancelQueueCommand,,
sysHeterogERPIntegrateTableFloatToolBar,操作,异构erp,sysHeterogERPBatchRestartQueueCommand|sysHeterogERPBatchDeleteQueueCommand|sysHeterogERPBatchCancelQueueCommand,,
sysTbCloseDeliverablesToolbar,TB交付项,关闭tb交付项,sysTbCloseDeliverablesCommand,align|reviseIndex,right|0
sysTbNewTaskInstanceAddDeliverablesToolbar,新建交付物,新建交付物,sysTbNewTaskInstanceAddDeliverablesCommand,
sysTbInstanceAddDeliverablesToolbar,新增交付物操作栏toolbar,交付物,sysTbBOMAddDeliverablesCommand|sysTbBOMDeliverablesNewCommand|sysTbAddDeliverablesDeleteCommand|sysTBDeliverablesEditCommand
sysTBNewTaskInstanceAddDeliverablesFloatToolbar,实例交付物悬停toolbar,交付物,sysTBAddDeliverablesBatchDeleteCommand,,
sysRelatedApprovalAnalysisToolbar,,,sysRelatedApprovalAnalysisSearchCommand,,
sysRelatedApprovalAnalysisOptionToolbar,,,sysRelatedApprovalAnalysisAddCommand,,
sysRelatedApprovalAnalysisFloatToolbar,,,sysRelatedApprovalAnalysisBatchAddCommand,,
sysReferencedExportAllToolbar,使用情况(新布局)导出全部,workbench.command.sysAssignTaskManagementCommand,sysReferencedExportAllCommand,align|reviseIndex,left|1
sysCollectionRecordsToolBar,收藏记录,收藏记录,sysCollectionRecordsCommand,,
globalSearchObjectToolbar,搜索框,basic.common.toolbar.globalSearchObjectToolbar,objectSearchText,,
sysBRSMainComSearchToolbar,BRSAFD-元件表格toolbar(从主件),,sysBRSMainComSearchCommand,,
sysBRSAFDMAddComSearchToolbar,BRSAFD-新增主件表格toolbar(从元件),,sysBRSAFDMAddComSearchCommand,,
sysBomViewWithItemOperationToolbar,取代查看操作列,,sysBomViewWithItemRemoveCommand,,
sysBomImportErrorTableOptionToolbar,bom导入失败原因,,sysCoverBomObjectCommand|sysIgnoreBomObjectCommand,,
sysRouterMenuToolbar,页面左侧菜单,,sysRouteDashboardCommand|sysRouteWorkbenchCommand|sysRouteLibraryCommand|sysRouteDesignCommand|sysRouteProcessCommand|sysRouteProjectManageCommand|sysRouteTbmProjectManageCommand,,
sysDesignDetailBreadcrumbToolbar,产品设计二级页面面包屑toolbar,,sysDesignDetailBreadcrumbManageCommand,,
