Command Name,Description,Label,Property Key,Property Value,Action
sysSecuritySettingsUserInfoToolbarCommand,БЃДц,basic.common.command.InstanceSaveCommand,masterStyle,primary,SecuritySettingsUserInfoSaveAction
sysSecuritySettingsWaterMarkToolbarCommand,БЃДц,basic.common.command.InstanceSaveCommand,masterStyle,primary,SecuritySettingsWaterMarkSaveAction
sysEmailServerManageToolbarCommand,БЃДц,basic.common.command.InstanceSaveCommand,masterStyle,primary,EmailServerManageSaveAction
sysEditionRuleCommand,АцБОЙцдђ,АцБОЙцдђ,type|submit|height,button|true|calc(95vh - 110px),general/editionRule?height=auto
sysEditionRuleToolbarCommand,БЃДц,basic.common.command.InstanceSaveCommand,masterStyle,primary,EditionRuleSaveAction
sysRuleCommand,Йцдђ,Йцдђ,type|submit|height,button|true|calc(95vh - 110px),general/relations?table=sysInstanceRelatedTable&toolbar=sysInstanceRelatedSoftWareToolbar&dataSource='/ItemManagement/IRelationService/listRelation?templateName=RelatedDoc&className=$className&GUID$=$guid'
sysConstraintRuleCommand,дМЪјЙцдђ,дМЪјЙцдђ,type|submit|height,button|true|calc(95vh - 110px),table/sysConstraintRuleTable?dataSource='/role/listRole'&toolbar=sysConstraintRuleToolbar
sysConstraintRuleAddCommand,аТдіЙцдђ,systemSetting.classification.command.sysNewRuleCommand,masterStyle,primary,ConstraintRuleAddAction
sysConstraintRuleDeleteCommand,ЩОГ§Йцдђ,ЩОГ§Йцдђ,masterStyle,primary,ConstraintRuleDeleteAction
sysInitiatingConditionCommand,ЗЂЦ№ЬѕМў,ЗЂЦ№ЬѕМў,type|submit|height,button|true|calc(95vh - 200px),table/sysConstraintRuleTable?dataSource='/role/listRole'&toolbar=sysInitiatingConditionToolbar
sysInspectionConditionCommand,МьВщЬѕМў,МьВщЬѕМў,type|submit|height,button|true|calc(95vh - 200px),table/sysConstraintRuleTable?dataSource='/role/listRole'&toolbar=sysInspectionConditionToolbar
sysInitiatingConditionAddCommand,аТдіЬѕМў,аТдіЬѕМў,masterStyle,primary,InitiatingConditionAddAction
sysInitiatingConditionDeleteCommand,ЩОГ§ЬѕМў,ЩОГ§ЬѕМў,masterStyle,primary,InitiatingConditionDeleteAction
sysInitiatingConditionCopyCommand,ИДжЦЬѕМў,ИДжЦЬѕМў,masterStyle,primary,InitiatingConditionCopyAction
sysInitiatingConditionPasteCommand,еГЬљЬѕМў,еГЬљЬѕМў,masterStyle,primary,InitiatingConditionPasteAction
sysInspectionConditionAddCommand,аТдіЬѕМў,аТдіЬѕМў,masterStyle,primary,InspectionConditionAddAction
sysInspectionConditionDeleteCommand,ЩОГ§ЬѕМў,ЩОГ§ЬѕМў,masterStyle,primary,InspectionConditionDeleteAction
sysInspectionConditionCopyCommand,ИДжЦЬѕМў,ИДжЦЬѕМў,masterStyle,primary,InspectionConditionCopyAction
sysInspectionConditionPasteCommand,еГЬљЬѕМў,еГЬљЬѕМў,masterStyle,primary,InspectionConditionPasteAction
tempSysBomTemplateTableOpenCommand,ЦєгУ,systemSetting.bomTemplate.command.sysActiveTempCommand,masterStyle|visiableExpression|enableExpression,link|$ISVALID==='N'|$TEMPLATENAME!=='BOM',tempSysBomTemplateTableToggleAction
tempSysBomTemplateTableCloseCommand,ЗЯЦњ,systemSetting.bomTemplate.command.sysObsoleteTempCommand,masterStyle|visiableExpression|enableExpression,link|$ISVALID==='Y'|$TEMPLATENAME!=='BOM',tempSysBomTemplateTableToggleAction
tempSysBomBusinessObjectAddCommand,ЬэМг,systemSetting.bomTemplate.command.sysAddDetailTemplateCommand,masterStyle,link,tempSysBomBusinessObjectAddAction
tempSysBusinessObjectOpenCommand,ЦєгУ,systemSetting.bomTemplate.command.sysActiveTempCommand,masterStyle|visiableExpression,link|$ISVALID==='N',tempSysBusinessObjectToggleAction
tempSysBusinessObjectCloseCommand,ЗЯЦњ,systemSetting.bomTemplate.command.sysObsoleteTempCommand,masterStyle|visiableExpression,link|$ISVALID==='Y',tempSysBusinessObjectToggleAction
tempSysBOMBusinessObjectTableCommand,tempSysBOMBusinessObjectTableCommand,,,,table/tempSysBOMBusinessObjectTable?dataSource='/bomTemplate/listBOMTemplateEND2ByName?templateName=$TEMPLATENAME'&toolbar='tempSysBomBusinessObjectAddToolbar'&height=auto
tempSysReportFormsAddCommand,ЬэМг,systemSetting.bomTemplate.command.sysAddDetailTemplateCommand,masterStyle,link,tempSysReportFormsAddAction
tempSysReportFormsEditCommand,БрМ­,common.command.sysEditCommand,masterStyle,link,tempSysReportFormsEditAction
tempSysReportFormsDeleteCommand,ЩОГ§,common.command.sysDeleteCommand,masterStyle,link,tempSysReportFormsDeleteAction
tempSysReportFormsTableCommand,tempSysReportFormsTableCommand,,,,table/tempSysReportFormsTable?dataSource='/bomTemplate/listBOMReportTemplate?TemplateName=$TEMPLATENAME'&toolbar='tempSysReportFormsToolbar'&height=auto
sysBomTemplateTableCommand,sysBomTemplateTableCommand,,height,calc(50vh - 58px),table/sysBomTemplateTable?dataSource="/bomTemplate/listBOMTemplate?order=CREATETIME:desc&isRoot=Y"&toolbar=sysBomTemplateToolbar&rowTriggerMess='sysBomRelationTableCommand:SysBomTemplateRelationRowClick'&initValue="isContainInValid=N"
tempSysBomTemplateFormCommand,tempSysBomTemplateFormCommand,,,,form/tempSysBomTemplateForm?dataSource='/bomTemplate/getBOMTemplate?TemplateName=$TEMPLATENAME'&toolbar='tempSysBomTemplateFormToolbar'&height=auto&mode=edit
tempSysOrganizationStructureEditGroupTableCommand,tempSysOrganizationStructureEditGroupTableCommand,,,,table/tempSysOrganizationStructureEditGroupTable?dataSource='/UserWorkplatform/IWorkService/listMyCheckoutItems?order=CHECKOUTTIME$:desc'&toolbar=tempSysOrganizationStructureEditGroupToolbar&height=50vh
tempSysOrganizationStructureEditGroupFormCommand,tempSysOrganizationStructureEditGroupFormCommand,,,,form/tempSysOrganizationStructureEditGroupForm?height=50vh
tempSysBomTemplateNewCommand,аТНЈ,basic.common.command.newCommand,type,primary,tempSysBomTemplateNewAction
sysClassificationCodeManageCommand,ЗжРрзщТыЙмРэ,systemSetting.codeManagement.commonTitle.classificationCodeManagement,,,table/sysClassificationCodeManageTable?dataSource="/code/listCodeInfo?onlyClassification=Y&order=CREATETIME:desc"&toolbar=sysClassificationCodeToolbar&height=80vh
sysNormalCodeManageCommand,ЦеЭЈзщТыЙмРэ,systemSetting.codeManagement.commonTitle.normalCodeManagement,,,table/sysNormalCodeManageTable?dataSource="/code/listCodeInfo?onlyCode=Y&order=CREATETIME:desc"&toolbar=sysNormalCodeToolbar&height=80vh
sysRelationTemplateTableCommand,ЙиСЊФЃАх,,height,calc(50vh - 55px),table/sysAssociationTemplateTable?dataSource='/relationTemplate/listTemplates?ISVALID=Y&order=CREATETIME:desc'&toolbar='sysRelationTemplateToolbar'&rowTriggerMess='sysRelationBusinessObjectTableCommand:SysAssocitionTemplateBusinessRowClick'
sysRelationBusinessObjectTableCommand,ЙиЯЕвЕЮёЖдЯѓ,,height,calc(50vh - 60px),table/sysRelationBusinessObjectTable?toolbar=sysRelationBusinessObjectToolbar&dataSource='/relationTemplate/listRelationEnd2?templateName=$TEMPLATENAME'
tempSysRelationBusinessObjectOpenCommand,ЦєгУ,systemSetting.relationTemplate.command.sysActiveTempCommand,masterStyle|visiableExpression,link|$ISVALID==='N',tempSysRelationBusinessObjectToggleAction
tempSysRelationBusinessObjectCloseCommand,ЗЯЦњ,systemSetting.relationTemplate.command.sysObsoleteTempCommand,masterStyle|visiableExpression,link|$ISVALID==='Y',tempSysRelationBusinessObjectToggleAction
sysRelationBusinessObjectAddCommand,аТНЈЙиСЊЙиЯЕ,systemSetting.relationTemplate.commonTitle.newAssociationRelationship,masterStyle|nzIcon,primary|plus,sysRelationBusinessObjectAddAction
tempSysOSAddDepartmentCommand,ЬэМгВПУХ,systemSetting.organization.orgzManagement.command.sysAddGroupCommand,masterStyle|visiableExpression,link|$type==='group',tempSysOSAddDepartmentAction
tempSysOSEditDepartmentCommand,БрМ­ВПУХ,systemSetting.organization.orgzManagement.command.sysEditGroupCommand,masterStyle|visiableExpression,link|$type==='group',tempSysOSEditDepartmentAction
tempSysOSCloseDepartmentCommand,ЭЃгУВПУХ,systemSetting.organization.orgzManagement.command.sysObsoleteGroupCommand,masterStyle|visiableExpression,link|`$origin['ISVALID']=='Y'&&$type=='group'`,tempSysOSToggleDepartmentAction
tempSysOSOpenDepartmentCommand,ЦєгУВПУХ,systemSetting.organization.orgzManagement.command.sysActiveGroupCommand,masterStyle|visiableExpression,link|`$origin['ISVALID']=='N'&&$type=='group'`,tempSysOSToggleDepartmentAction
tempSysOSUserManageCommand,гУЛЇЙмРэ,systemSetting.organization.orgzManagement.command.sysUserManagementCommand,masterStyle|visiableExpression,link|$type==='role',tempSysOSUserManageAction
tempSysOSRoleManageCommand,НЧЩЋЙмРэ,systemSetting.organization.orgzManagement.command.sysRIGManageCommand,masterStyle|visiableExpression,link|$type==='group',tempSysOSRoleManageAction
tempSysOrganizationTableCommand,tempSysOrganizationTableCommand,systemSetting.organization.commonTitle.orgz,height,calc(100vh - 150px),table/tempSysOrganizationTable?dataSource="/user/listUser?ISACTIVE=N&groupGuid=$groupguid&roleGuid=$roleguid&pageSize=20&pageNumber=1"&toolbar=tempSysOrganizationStructureToolbar&menuDataSource='/rig/listMenuItems'&menuOptionToolbar='tempSysOrganizationStructureMenuOptionToolbar'&menuToolbar='tempSysOrganizationStructureMenuToolbar'
sysOrganGroupCommand,зщжЏНсЙЙ(ВПУХЙмРэ),systemSetting.organization.commonTitle.group,height,calc(100vh - 150px),table/sysOrganGroupTable?rootSource='/group/listRoot'&dataSource='/group/listGroupNextSub?GROUPGUID=$END2#GUID'&toolbar=sysOrganGroupToolbar&canExport=N$canSwitch=N&canExpand=N&canLocation=N&filterAction=sysOrganGroupFilterAction&expandLevel=-1&total=false
sysRoleTableCommand,зщжЏНсЙЙ(НЧЩЋЙмРэ),systemSetting.organization.commonTitle.role,height,calc(100vh - 150px),table/sysRoleTable?dataSource='/role/listRole?ISVALID=N'&toolbar=sysRoleToolbar&rowAddAction=sysRoleRowAddAction&canExport=N&mode=edit&process=sysRoleRowAddAction
sysCodeManagementFormCommand,БрМ­зщТыform,,,,form/sysCodeEditForm?dataSource='/code/getCodeInfo?GUID=$GUID'&toolbar='sysCodeFormToolbar'&mode=edit&height=225px&isObject=false
sysCodeItemTableCommand,зщТызгЯюБэИё,,,,table/sysCodeItemTable?rootSource='/code/listCodeItemRoots?codeGuid=$GUID&order=UPDATETIME:desc'&dataSource='/code/listSubCodeItems?codeItemGuid=$END2#GUID$&order=UPDATETIME:desc'&toolbar=sysCodeItemToolbar&height=calc(100vh - 280px)
sysCodeItemDeleteCommand,ЩОГ§,common.command.sysDeleteCommand,masterStyle|confirmLabel|refreshType,link|common.operation.confirm.delete.question|delNode,silent:/code/deleteCodeItemInfo?GUID=$GUID&MASTERGUID=$MASTERGUID
sysCodeItemModifyCommand,аоИФ,systemSetting.codeManagement.command.sysEditCodeCommand,masterStyle,link,sysCodeItemModifyAction
sysCodeItemNewCommand,аТдізгЯю,systemSetting.codeManagement.command.sysNewCodeItemCommand,masterStyle,primary,sysCodeItemNewAction
sysClassificationCodeNewCommand,аТдіЗжРрзщТы,systemSetting.codeManagement.command.sysNewClassificationCodeCommand,masterStyle,primary,sysClassificationCodeNewAction
sysNormalCodeNewCommand,аТдіЦеЭЈзщТы,systemSetting.codeManagement.command.sysNewNormalCodeCommand,masterStyle,primary,sysNormalCodeNewAction
sysCodeSearchText,зщТыЫбЫї,systemSetting.codeManagement.placeholder.codeSearch,type|width|icon,text|320px|search,sysCodeSearchAction
tempSysRelationTemplateOpenCommand,ЦєгУ,systemSetting.relationTemplate.command.sysActiveTempCommand,masterStyle|visiableExpression,link|$ISVALID==='N',tempSysRelationTemplateToggleAction
tempSysRelationTemplateCloseCommand,ЗЯЦњ,systemSetting.relationTemplate.command.sysObsoleteTempCommand,masterStyle|visiableExpression,link|$ISVALID==='Y',tempSysRelationTemplateToggleAction
sysCodeSaveCommand,БЃДц,basic.common.command.InstanceSaveCommand,nzIcon|masterStyle,save|default,sysCodeSaveAction
tempSysRelationSaveCommand,БЃДц,basic.common.command.InstanceSaveCommand,nzIcon|masterStyle,save|default,tempSysRelationSaveAction
tempSysBomTemplateSaveCommand,БЃДц,basic.common.command.InstanceSaveCommand,nzIcon|masterStyle,save|default,tempSysBomTemplateSaveAction
tempSysUserOpenCommand,ЦєгУ,systemSetting.organization.userManagment.command.sysActiveUserCommand,masterStyle|visiableExpression,link|$ISVALID==='N',tempSysUserToggleAction
tempSysUserCloseCommand,ЭЃгУ,systemSetting.organization.userManagment.command.sysObsoleteUserCommand,masterStyle|visiableExpression,link|$ISVALID==='Y',tempSysUserToggleAction
tempSysNewUserFormCommand,tempSysUserCloseCommand,,,,form/tempSysNewUserForm?dataSource='/user/getUser?userGuid=$GUID&userID=$USERID'&toolbar='tempSysNewUserFormToolbar'&mode=edit
tempSysNewRoleFormCommand,tempSysRoleCloseCommand,,,,form/tempSysNewRoleForm?dataSource='/role/getRole?roleGuid=$GUID'&toolbar='tempSysNewRoleFormToolbar'&mode=edit
tempSysNewUserFormSaveCommand,БЃДц,basic.common.command.InstanceSaveCommand,nzIcon|masterStyle,save|default,tempSysNewUserFormSaveAction
tempSysNewRoleFormSaveCommand,БЃДц,basic.common.command.InstanceSaveCommand,nzIcon|masterStyle,save|default,tempSysNewRoleFormSaveAction
tempSysUserResetCommand,жижУУмТы,systemSetting.organization.userManagment.command.sysResetPwdCommand,masterStyle,link,tempSysUserResetAction
sysBomNewTemplateCommand,аТНЈBOMФЃАх,systemSetting.bomTemplate.commonTitle.createBomTemplate,nzIcon|masterStyle,plus|primary,sysBomNewTemplateAction
tempSysBomTemplateSearchText,bomФЃАхЫбЫї,systemSetting.bomTemplate.placeholder.templateSearch,type|width|icon,text|224px|search,tempSysBomTemplateSearchAction
tempSysRelationNewTemplateCommand,аТдіФЃАх,systemSetting.relationTemplate.commonTitle.newAssociationTemplate,masterStyle|nzIcon,primary|plus,sysRelationNewTemplateAction
sysRelationTemplateSearchText,ЙиЯЕФЃАхЫбЫї,systemSetting.relationTemplate.placeholder.templateSearch,type|width|icon,text|224px|search,sysRelationTemplateSearchAction
tempSysOrganizationToggleCommand,ЧаЛЛВЫЕЅзДЬЌ,,icon|tooltip,yanjing|systemSetting.organization.orgzManagement.tooltip.showValid,tempSysOrganizationToggleAction
sysWorkflowTemplateTableCommand,ЙЄзїСїЙмРэtable,ЙЄзїСїФЃАхЧхЕЅ,,,table/sysWorkflowTemplateTable?dataSource='/workflowTemplate/listTemplateInfo?order=CREATETIME:desc'&toolbar='sysWorkflowTemplateListToolbar'&height=100vh
sysWorkflowTemplateAddCommand,ЙЄзїСїФЃАхаТНЈ,systemSetting.workflowTemplate.command.sysNewWorkflowCommand,masterStyle|nzIcon,primary|plus,sysWFTemplateNewAction
sysWFTemplateSearchCommand,ЙЄзїСїФЃАхЫбЫї,systemSetting.workflowTemplate.placeHolder.settingSearch,type|width|icon,text|264px|search,sysWFTemplateSearchAction
sysWFTemplateSettingCommand,СїГЬФЃАхЩшжУ,СїГЬФЃАхЩшжУ,,,general/flowTemplateSetting
sysWFTFilterConditionCommand,Й§ТЫЬѕМўбЁдё,Й§ТЫЬѕМўбЁдё,type|options|defaultValue,combo|N:systemSetting.workflowTemplate.commonTitle.allTemplate;Y:systemSetting.workflowTemplate.commonTitle.validTemplate|Y,sysWFSelectTemplateAction
sysWFActivitySettingAddCommand,СїГЬЛюЖЏЩшжУAdd,systemSetting.workflowTemplate.command.activitySetting,masterStyle,link,sysWFActivitySettingAction
sysWFPermissionSettingAddCommand,СїГЬШЈЯоЩшжУAdd,systemSetting.workflowTemplate.command.permissionSetting,masterStyle,link,sysWFPermissionSettingAction
sysWFErpIntegrateCommand,ERPМЏГЩ,systemSetting.workflowTemplate.command.ERPIntegration,masterStyle,link,sysWFErpIntegrateAction
sysWFTCopyAndNewAddCommand,ИДжЦаТдіAdd,systemSetting.workflowTemplate.command.sysCopyNewCommand,masterStyle,link,sysWFTCopyAndNewAction
sysWFTViewAndModifyAddCommand,ВщПДМАаоИФAdd,systemSetting.workflowTemplate.command.sysEditWorkflowCommand,masterStyle,link,sysWFTViewAndModifyAction
sysWFSelectLaunchObjectTableCommand,бЁдёПЩЗЂЦ№ЖдЯѓtable,бЁдёПЩЗЂЦ№ЖдЯѓМАЗжРр,,,table/sysWFSelectObjectClassficationTable
sysWFSelectLaunchObjectMenuCommand,бЁдёПЩЗЂЦ№ЖдЯѓМАЗжРрmenu,,isHide|,true|,general/menu?dataSource='/workflowTemplate/listLaunchBoTree'&triggerMess='sysWFSelectLaunchObjectTableCommand:sysWFSelectObjectMenuClick'
sysWFSelectAvailableObjectTableCommand,бЁдёПЩгУЖдЯѓtable,systemSetting.calender.command.sysCalendarYearSelectCommand,,,table/sysWFSelectObjectClassficationTable
sysWFSelectAvailableObjectMenuCommand,бЁдёПЩгУЖдЯѓМАЗжРрmenu,,isHide|,true|,general/menu?dataSource='/workflowTemplate/listAvailableBoTree?wfName=$wfName'&triggerMess='sysWFSelectAvailableObjectTableCommand:sysWFSelectObjectMenuClick'
sysWFSelectOCRemoveCommand,бЁдёЖдЯѓМАЗжРр(вЦГ§),basic.common.command.removeCommand,masterStyle,link,sysWFSelectOCRemoveAction
sysUserManageUnlockCommand,ЕМГі,systemSetting.organization.userManagment.command.sysUnlockUserCommand,masterStyle|enableExpression,link|$ISLOCK==='Y',event:UnlockAction
tempSysMessageRuleConfigurationFormCommand,,,,,form/tempSysMessageRuleConfigurationForm?toolbar=tempSysMessageRuleConfigurationFormToolbar&mode=edit
tempSysMessageRuleConfigurationTemplateFormCommand,,,,,form/tempSysMessageRuleConfigurationTemplateForm?mode=edit
tempSysMessageRuleConfigurationSaveCommand,ЕМГі,basic.common.command.InstanceSaveCommand,nzIcon|masterStyle,save|default,tempSysMessageRuleConfigurationSaveAction
tempSysMilestoneLeftDeleteCommand,ЩОГ§,common.command.sysDeleteCommand,masterStyle|confirmLabel,link|common.operation.confirm.delete.question,sysdeleteMilestoneAction
tempSysMilestoneLeftNewCreateCommand,аТНЈ,basic.common.command.newCommand,masterStyle|width,primary|100px,sysMilestoneLeftNewCreateAction
sysDataPermCommand,ШЈЯоЙцдђ,systemSetting.permission.title,type|submit,button|true,table/sysDataPermTable?toolbar=sysDPermTableToolbar&dataSource='/permissions/listACLItemByClass?classGuid=$classGuid'&height=420px&canExport=false&pagination=false&floatToolbar=sysPerFloatToolbar
sysDataSimulationCommand,ШЈЯоФЃФт,systemSetting.permission.command.simulation,type|submit,button|true,general/perm-simulation?toolbar=sysPermiSimulationFormToolbar&mode=edit&isObject=false
sysDPermCheckCommand,ВщПД,systemSetting.permission.command.check,masterStyle,link,event:userList/?process=sysDPermCheckAction&mode=view
sysDPermCopyNewCommand,ИДжЦаТНЈ,systemSetting.permission.command.copyNew,masterStyle,link,event:userList/?process=sysDPermCheckAction&mode=saveAs
sysDPermEditCommand,аоИФ,systemSetting.codeManagement.command.sysEditCodeCommand,masterStyle|enableExpression,link|!$inheritedFrom,event:userList/?process=sysDPermCheckAction&mode=edit
sysDPermDeleteCommand,ЩОГ§,common.command.sysDeleteCommand,masterStyle|enableExpression|confirmLabel,link|!$inheritedFrom|common.operation.confirm.delete.question,event:userList/?process=sysDPermDeleteAction&width=600px&height=350px
sysNewDPermCommand,аТдіШЈЯоЙцдђ,systemSetting.permission.command.newRules,masterStyle,primary,sysNewDPermCommandAction
sysCheckSimulationCommand,ШЈЯоФЃФтАДХЅ,systemSetting.permission.command.simulation,masterStyle,primary,sysCheckSimulationAction
tempSysMilestoneLeftTableCommand,зѓБпtable,'',,,table/sysMilestoneLeftTable?dataSource='/project/listProjectType'&toolbar='sysMilestoneLeftToolbar'&mode=edit
tempSysMilestoneRightTableCommand,гвБпcard,'',,,table/sysMilestoneRightTable?dataSource='/project/getWorkTime'&toolbar=sysMilestoneRightToolbar
tempSysMilestoneLeftSaveCommand,БЃДц,basic.common.command.InstanceSaveCommand,nzIcon|masterStyle,save|default,tempSysMilestoneLeftSaveAction
tempSysYearSelectionCommand,ФъЗнбЁдё,systemSetting.calender.command.sysCalendarSelectCommand,type|mode|,date|year,tempSysYearSelectionChangeAction
tempSysExceptionDateDetailsCommand,ЯъЧщаХЯЂ,systemSetting.calender.command.sysDetailDateCommand,masterStyle|enableExpression,link|`!$isNewRow`,sysExceptionDateDetailsAction
tempSysExceptionDateDeleteCommand,ЩОГ§,common.command.sysDeleteCommand,masterStyle|confirmLabel,link|common.operation.confirm.delete.question,sysExceptionDateDeleteAction
sysOrganSPageCommand,sysOrganizationTableCommand,systemSetting.organization.commonTitle.orgz,height,calc(100vh - 150px),page/sysOrganSPage
sysOrganSTableCommand,зщжЏНсЙЙгвВрtable,,,,table/sysOrganizationTable?dataSource='/user/listUser?ISACTIVE=N&groupGuid=$groupguid&roleGuid=$roleguid&pageSize=20&pageNumber=1'&toolbar='sysOrganStructureToolbar'&triggerMess='sysOrganSMenuCommand:sysTableClick'&canExport=N&initQuery=false&sizeChanger=true
sysOrganSMenuCommand,зщжЏНсЙЙзѓВрmenu,,isHide|height,true|calc(100vh - 150px),general/menu?dataSource='/rig/listMenuItems?ISVALID=Y'&toolbar='tempSysOrganStructureToolbar'&triggerMess='sysOrganSTableCommand:sysOrganSMenuClick'
sysExceptionDateDetailsDeleteCommand,ЩОГ§,common.command.sysDeleteCommand,masterStyle|confirmLabel,link|common.operation.confirm.delete.question,sysExceptionDateDetailsDeleteAction
sysConfigurationTransformationTableCommand,зЊЛЛХфжУгвВрtable,,,,table/sysConfigurationTransformationTable?dataSource='/transformConfigurate/listTransformScheme?InterfaceName=$key'&toolbar='sysConfigurationTransformationToolbar'
sysConfigurationTransformationLeftMenuCommand,зЊЛЛХфжУзѓВрmenu,,isHide|height,true|calc(100vh - 150px),general/menu?dataSource='/transformConfigurate/listCADApplication?allLevel=Y'&triggerMess='sysConfigurationTransformationTableCommand:sysConfigMenuClick'
sysConfigurationTransformationInTabPageCommand,sysConfigurationTransformationInTabPageCommand,systemSetting.conversion.commonTitle.Setting,height,calc(100vh - 150px),page/sysConfigurationTransformationInTabPage
sysSignatureSchemeTableCommand,ЧЉеТЗНАИгвВрtable,,,,table/sysSignatureSchemeTable?dataSource='/transformConfigurate/listSignatureTemplate?signatureScheme=$key'&toolbar='sysSignatureSchemeToolbar'
sysSignatureSchemeMenuCommand,ЧЉеТЗНАИзѓВрmenu,,isHide|height,true|calc(100vh - 150px),general/menu?dataSource='/transformConfigurate/listSignatureScheme'&triggerMess='sysSignatureSchemeTableCommand:sysSignMenuClick'&toolbar='sysSignatureMenuToolbar'&optionToolbar='sysSignMenuOptionToolbar'
sysSignatureSchemeInTabPageCommand,ЧЉеТЗНАИ,systemSetting.conversion.commonTitle.signature,height,calc(100vh - 150px),page/sysSignatureSchemeInTabPage
sysTransformationTypeCommand,зЊЛЛРраЭ,systemSetting.conversion.commonTitle.Type,,,table/sysTransformationTypeTable?height=calc(100vh - 150px)&dataSource='/transformConfigurate/listTransformType?isCheckLic=$isCheckLic'&toolbar='sysTransformationTypeToolbar'&isCheckLic=true
sysTransformationTypeToggleCommand,ЧаЛЛВЫЕЅзДЬЌ,,icon|tooltip,biyanjing|systemSetting.conversion.convertType.field.showAuthConversion,sysTransformationTypeToggleAction
sysConfigurationTransformationAddCommand,ЬэМгзЊЛЛ,systemSetting.conversion.convertSetting.command.sysNewConvertCommand,masterStyle,primary,sysConfigurationTransformationAddAction
sysConfigurationTransformationSearchCommand,зЊЛЛХфжУЫбЫї,systemSetting.conversion.convertSetting.placeHolder.settingSearch,type|width|icon,text|224px|search,sysConfigurationTransformationSearchAction
sysSignatureSchemeDeleteCommand,ЩОГ§,systemSetting.conversion.signatureScheme.command.sysDeleteTempCommand,masterStyle|confirmLabel,link|common.operation.confirm.delete.question,sysSignatureSchemeDeleteAction
sysSignatureSchemeCopyCommand,ИДжЦаТНЈ,systemSetting.conversion.signatureScheme.command.sysCopyNewTempCommand,masterStyle,link,sysSignatureSchemeCopyAction
sysSignatureSchemeEditCommand,БрМ­,systemSetting.conversion.signatureScheme.command.sysEditTempCommand,masterStyle,link,sysSignatureSchemeEditAction
sysAddSignatureCommand,ЬэМгЧЉеТ,,nzIcon|tooltip,plus|systemSetting.conversion.signatureScheme.command.sysNewSchemeCommand,sysAddSignatureAction
sysAddSignTemplateCommand,ЬэМгФЃАх,systemSetting.conversion.signatureScheme.command.sysNewTempCommand,masterStyle,primary,sysAddSignTemplateAction
sysSignTemplateSearchCommand,ЧЉеТФЃАхЫбЫї,systemSetting.conversion.signatureScheme.placeHolder.settingSearch,type|width|icon,text|224px|search,sysSignTemplateSearchAction
tempSysClassificationManagementMenuCommand,ЗжРрЙмРэmenu,,isHide|,true|,general/menu?dataSource='/classfication/listCodeItemTree?allLevel=true&classGuid=$classGuid'&triggerMess='tempSysClassificationSynthesisRulesCommand:sysClassificationMenuClick'
tempSysClassificationManagementDetailPageCommand,ЗжРрЙмРэtableЕФpage,,,,page/tempSysClassificationManagementDetailPage
tempSysClassificationSynthesisRulesCommand,КЯГЩЙцдђ,systemSetting.classification.field.relationTemp,type|submit,button|true,table/sysClassificationSynthesisRulesTable?toolbar=sysClassificationSynthesisRulesToolbar&dataSource='/classfication/listFeatureItem?classGuid=$classGuid&classificationItemGuid=$guid'&height=400px&canExport=false&clickAndSelected=true&pagination=false&rowTriggerMess='tempSysClassificationCodeSegmentCommand:SysClassRulesClick'
tempSysClassificationCodeSegmentCommand,ТыЖЮ,systemSetting.classification.field.codeName2,type|submit,button|true,table/sysClassificationCodeSegmentTable?toolbar=sysClassificationsAddCodeSegmentToolbar&dataSource='/classfication/listClassificationNumberField?classficationFeatureItemguid=$guid'&height=400px&canExport=false&pagination=false&select='normal'&draggable=true
sysClassificationSynthesisRulesPasteCommand,КЯГЩЙцдђ,systemSetting.classification.field.relationTemp,type|submit,button|true,table/sysClassificationSynthesisRulesPasteTable?height=30vh&canExport=false&clickAndSelected=true&pagination=false&rowTriggerMess='sysClassificationCodeSegmentPasteCommand:sysClassifyRulesPasteClick'&afterQueryDataMess='sysClassificationCodeSegmentPasteCommand:sysClassifyRulesPasteInitAfterAction'
sysClassificationCodeSegmentPasteCommand,ТыЖЮ,systemSetting.classification.field.codeName2,type|submit,button|true,table/sysClassificationCodeSegmentPasteTable?height=30vh&canExport=false&pagination=false&select='normal'&rowTriggerMess='sysClassificationSynthesisRulesPasteCommand:sysClassifyCodePasteClick'
sysClassificationSynthesisRulesCommand,аТдіКЯГЩЙцдђ,systemSetting.classification.command.sysNewMergeRuleCommand,masterStyle|nzIcon|enableExpression,primary|plus|`!$NotAdd`,sysClassificationAddSynthesisRulesAction
sysClassificationSynthesisPasteCommand,№ЄЬљ,systemSetting.classification.command.sysPasteObjectCommand,masterStyle|enableExpression,default|`!$NotAdd`,sysClassificationPasteSynthesisRulesAction
sysClassSynthesisRulesDownloadTempCommand,ЯТдиКЯГЩЙцдђФЃАх,systemSetting.organization.userManagment.command.sysUserTemplateDownloadCommand,nzIcon,download,event:sysClassSynthesisRulesDownloadTempAction?fileName=RulesTemplate.xlsx
sysClassSynthesisRulesImportUserCommand,ЕМШыКЯГЩЙцдђ,systemSetting.classification.command.sysImportMergeRuleCommand,nzIcon|enableExpression,upload|`!$NotAdd`,sysClassSynthesisRulesImportAction
sysClassificationsAddCodeSegmentCommand,аТдіТыЖЮ,systemSetting.classification.command.sysNewCodeCommand,masterStyle|nzIcon|enableExpression,primary|plus|`$ISINHERIT!='Y'`,sysClassificationsAddCodeSegmentAction
sysClassificationsPasteCodeSegmentCommand,№ЄЬљТыЖЮ,systemSetting.classification.command.sysPasteObjectCommand,masterStyle,default,sysClassificationsPasteCodeSegmentAction
sysSynthesisRulesEditPasteCommand,БрМ­,systemSetting.conversion.signatureScheme.command.sysEditTempCommand,masterStyle|visiableExpression,link|`$ERRORTYPE`,sysSynthesisRulesEditPasteAction
sysCodeSegmentEditPasteCommand,БрМ­,systemSetting.conversion.signatureScheme.command.sysEditTempCommand,masterStyle|enableExpression,link|`$message`,sysCodeSegmentEditPasteAction
sysSynthesisRulesCopyAndAddCommand,ИДжЦаТді,systemSetting.permission.command.copyNew,masterStyle,link,sysSynthesisRulesCopyAndAddAction
sysSynthesisRulesDeleteCommand,ЩОГ§,common.command.sysDeleteCommand,masterStyle|visiableExpression|confirmLabel,link|`$ISINHERIT!='Y'`|common.operation.deleteRulesConfirm,sysSynthesisRulesDeleteAction
sysSynthesisRulesCopyCommand,ИДжЦ,systemSetting.classification.command.sysCopyCommand,masterStyle|visiableExpression,link|``,sysSynthesisRulesCopyAction
sysSynthesisRulesBatchCopyCommand,ХњСПИДжЦ,systemSetting.classification.command.sysCopyCommand,masterStyle|visiableExpression,link|``,sysSynthesisRulesBatchCopyAction
sysSynthesisRulesBatchDeleteCommand,ЩОГ§,systemSetting.conversion.convertSetting.command.sysDeleteConvertCommand,masterStyle|confirmLabel,link|common.operation.deleteRulesConfirm,sysSynthesisRulesBatchDeleteAction
sysCodeSegmentExamineCommand,ВщПД,systemSetting.permission.command.check,masterStyle,link,syCodeSegmentExamineAction
sysCodeSegmentEditCommand,аоИФ,systemSetting.codeManagement.command.sysEditCodeCommand,masterStyle|visiableExpression,link|`$ISINHERIT!='Y'`,sysCodeSegmentEditAction
sysCodeSegmentDeleteCommand,ЩОГ§,common.command.sysDeleteCommand,masterStyle|visiableExpression|confirmLabel,link|`$ISINHERIT!='Y'`|common.operation.deleteCodeConfirm,sysCodeSegmentDeleteAction
sysCodeSegmentMoveupCommand,ЩЯвЦ,systemSetting.classification.command.moveup,masterStyle|visiableExpression,link|`$ISINHERIT!='Y'`,sysCodeSegmentMoveupAction
sysCodeSegmentMovedownCommand,ЯТвЦ,systemSetting.classification.command.movedown,masterStyle|visiableExpression,link|`$ISINHERIT!='Y'`,sysCodeSegmentMovedownAction
sysCodeSegmentCopyCommand,ИДжЦ,systemSetting.classification.command.sysCopyCommand,masterStyle|visiableExpression,link|``,sysCodeSegmentCopyAction
sysCodeSegmentBatchCopyCommand,ХњСПИДжЦ,systemSetting.classification.command.sysCopyCommand,masterStyle|visiableExpression,link|``,sysCodeSegmentBatchCopyAction
sysCodeSegmentBatchDeleteCommand,ХњСПЩОГ§,systemSetting.conversion.convertSetting.command.sysDeleteConvertCommand,masterStyle|confirmLabel,link|common.operation.deleteCodeConfirm,sysCodeSegmentBatchDeleteAction
sysConfigurationTransformationDeleteCommand,ЩОГ§,systemSetting.conversion.convertSetting.command.sysDeleteConvertCommand,masterStyle|confirmLabel,link|common.operation.confirm.delete.question,sysConfigurationTransformationDeleteAction
sysConfigurationTransformationCopyCommand,ИДжЦ,basic.common.command.sysCopyAndNewCommand,masterStyle,link,sysConfigurationTransformationCopyAction
sysNewTransferWorkflowSettingCommand,аТдізЊЛЛБэЕЅжаЕФСїГЬХфжУ,,,,table/sysTransferWorkflowSettingTable?toolbar='sysTransferWorkflowSettingToolbar'&height=300px&mode=edit
sysTransferObjectCommand,аТдізЊЛЛБэЕЅжаЕФзЊЛЛЖдЯѓ,,,,table/sysTransferObjectTable?toolbar='sysTransferObjectToolbar'&height=300px
sysTransferWorkflowSettingAddCommand,ЬэМг,systemSetting.bomTemplate.command.sysAddDetailTemplateCommand,masterStyle,link,sysTransferWorkflowSettingAddAction
sysTransferWorkflowSettingDeleteCommand,ЩОГ§,common.command.sysDeleteCommand,masterStyle,link,sysTransferWorkflowSettingDeleteAction
sysTransferObjectInitializationCommand,ГѕЪМЛЏ,systemSetting.conversion.convertSetting.command.sysInitializationCommand,masterStyle,link,sysTransferObjectInitializationAction
sysTransferObjectAddCommand,ЬэМг,systemSetting.bomTemplate.command.sysAddDetailTemplateCommand,masterStyle,link,sysTransferObjectAddAction
sysTransferObjectDeleteCommand,ЩОГ§,common.command.sysDeleteCommand,masterStyle,link,sysTransferObjectDeleteAction
sysERPIntegratedTemplateCopyAndAddCommand,ИДжЦаТді,systemSetting.ERPTemplate.command.sysCopyNewTempCommand,masterStyle,link,sysERPIntegratedTemplateCopyAndAddAction
sysERPIntegratedTemplateLookAndEditCommand,ВщПДМАаоИФ,systemSetting.ERPTemplate.command.sysEditTempCommand,masterStyle,link,sysERPIntegratedTemplateLookAndEditAction
sysERPIntegratedTemplateDeleteCommand,ЩОГ§,systemSetting.ERPTemplate.command.sysRemoveProductCommand,masterStyle,link,sysERPIntegratedTemplateDeleteAction
searchTextCommand,ЫбЫї,common.command.searchClassText,type|width|icon,text|350px|search,searchTextAction
searchClassTextCommand,ЫбЫї,common.command.searchClassText,type|width|icon,text|350px|search,searchClassTextAction
searchClassCodeTextCommand,ЫбЫї,common.command.searchClassText,type|width|icon,text|350px|search,searchClassCdeTextAction
sysIntegratedProductLibraryTableCommand,ERPМЏГЩВњЦЗПтtable,,,,table/sysERPIntegratedProductLibraryTable?dataSource='/erpTemplate/listERPProductConfig'&toolbar='sysERPIntegratedProductLibraryToolbar'&mode=edit&height=calc(100vh - 180px)
sysERPIntegratedProductLibraryCommand,аТдіМЏГЩВњЦЗ,systemSetting.ERPTemplate.command.sysNewproductCommand,nzIcon|masterStyle,plus|primary,sysERPIntegratedProductLibraryNewAction
sysERPIntegratedProductLibraryLookAndEditCommand,ВщПДМАаоИФ,systemSetting.ERPTemplate.command.sysEditTempCommand,masterStyle,link,sysERPIntegratedProductLibraryLookAndEditAction
sysERPIntegratedProductLibraryTestConnectionCommand,ВтЪдСЌНг,systemSetting.ERPTemplate.command.sysTestConnectCommand,masterStyle,link,sysERPIntegratedProductLibraryTestConnectionAction
sysERPIntegratedProductLibraryDeleteCommand,ЩОГ§,common.command.sysDeleteCommand,masterStyle,link,sysERPIntegratedProductLibraryDeleteAction
sysConfigurationTransformationSaveCommand,БЃДц,basic.common.command.InstanceSaveCommand,nzIcon|masterStyle,save|default,sysConfigurationTransformationSaveAction
sysSignatureSaveCommand,БЃДц,basic.common.command.InstanceSaveCommand,nzIcon|masterStyle,save|default,sysSignatureSaveAction
sysAddParamsFormCommand,ЬэМгВЮЪ§ГщЬыжаЕФБэЕЅ,,,,form/sysNewParamDrawerForm?mode=view
sysSignDeleteCommand,ЩОГ§ЧЉеТ,systemSetting.conversion.signatureScheme.command.sysDeleteSchemeCommand,masterStyle,link,sysSignDeleteAction
sysSignCopyCommand,ИДжЦЧЉеТ,systemSetting.conversion.signatureScheme.command.sysCopySchemeCommand,masterStyle,link,sysSignCopyAction
sysSignEditCommand,БрМ­ЧЉеТ,systemSetting.conversion.signatureScheme.command.sysEditSchemeCommand,masterStyle,link,sysSignEditAction
sysOrganEditUserCommand,аТНЈгУЛЇ,systemSetting.organization.userManagment.command.sysNewUserCommand,masterStyle,primary,sysOrganNewUserAction
sysOrgantAddUserToRigCommand,ЬэМггУЛЇЕНВПУХНЧЩЋ,systemSetting.organization.orgzManagement.command.addUserToRig,masterStyle|visiableExpression|margin,default|$ISSELECTROLE==='Y'|0 0 0 10px,event:selective-integration/?process=sysOrgantAddUserToRigAction&width=800px&height=600px
sysOrgantSearchCommand,зщжЏНсЙЙЫбЫї,systemSetting.organization.userManagment.placeHolder.userSearch,type|width|icon,text|300px|search,sysOrgantSearchAction
sysOrgantDownloadTempCommand,ЯТдиФЃАх,systemSetting.organization.userManagment.command.sysUserTemplateDownloadCommand,nzIcon,download,event:sysOrgantDownloadTempAction?fileName=UserTemplate.xlsx
sysOrgantImportUserCommand,ЕМШыгУЛЇ,systemSetting.organization.userManagment.title.importUser,nzIcon,upload,sysOrgantImportUserAction
sysOrgantSelectCommand,гУЛЇРраЭбЁдё,workflow.command.sysSelectTemplateCommand,type|options|defaultValue,combo|N:systemSetting.organization.orgzManagement.options.effectiveUser;Y:systemSetting.organization.orgzManagement.options.allUser|N,sysOrgantSelectAction
sysOrgantEditUserCommand,БрМ­гУЛЇ,systemSetting.organization.orgzManagement.command.editUser,masterStyle|enableExpression,link|$ISACTIVE==='Y',sysOrgantEditUserAction
sysOrgantRemoveCommand,вЦЖЏ,systemSetting.organization.orgzManagement.command.remove,masterStyle|visiableExpression|enableExpression,link|$ISSELECTROLE==='Y'|$ISACTIVE==='Y',event:form/sysMobileDepartmentForm?process=sysOrgantRemoveAction&width=650px&height=200px
sysOrgantSetAgentCommand,ДњРэШЫЩшжУ,systemSetting.organization.orgzManagement.command.setAgent,masterStyle|enableExpression,link|$ISACTIVE==='Y',sysOrgantSetAgentAction
sysOrgantReSetPawCommand,УмТыжижУ,systemSetting.organization.orgzManagement.command.reSetPassword,masterStyle|enableExpression,link|$ISACTIVE==='Y',sysOrgantReSetPawAction
sysOrgantUnlockCommand,НтЫј,systemSetting.organization.orgzManagement.command.unlock,masterStyle|enableExpression,link|`$ISLOCK==='Y' && $ISACTIVE==='Y'`,sysOrgantUnlockAction
sysOrgantUserSaveCommand,БЃДц,common.button.save,masterStyle,primary,sysOrgantUserSaveAction
sysOrgantUserCloseCommand,ЙиБе,common.button.close,,,sysOrgantUserCloseAction
sysOrgantUserSaveNewCommand,БЃДцВЂаТНЈ,common.button.saveNew,visiableExpression,$isEdit==='N',sysOrgantUserSaveNewAction
sysOrgantGroupSaveCommand,БЃДц,common.button.save,masterStyle,primary,sysOrgantGroupSaveAction
sysOrgantGroupCloseCommand,ЙиБе,common.button.close,,,sysOrgantGroupCloseAction
sysOrgantGroupSaveNewCommand,БЃДцВЂаТНЈ,common.button.saveNew,visiableExpression,$isEdit==='N',sysOrgantGroupSaveNewAction
sysOrgantUserTopCommand,гУЛЇаХЯЂвГ(top),,height,calc(100% - 52px),form/sysOrganUserForm?mode=edit&isObject=false
sysOrgantUserBottomCommand,гУЛЇаХЯЂвГ(bottom),,height,42px,general/toolbar?toolbar=sysOrganUserToolbar
sysOrgantGroupTopCommand,ВПУХаХЯЂвГ(top),,height,calc(100% - 52px),form/sysOrganGroupForm?mode=edit&isObject=false
sysOrgantGroupBottomCommand,ВПУХаХЯЂвГ(bottom),,height,42px,general/toolbar?toolbar=sysOrganGroupDToolbar
sysCompositeFieldDeleteCommand,ЩОГ§,common.command.sysDeleteCommand,masterStyle,link,sysCompositeFieldDeleteAction
sysCompositeFieldEditCommand,БрМ­,common.command.sysEditCommand,masterStyle,link,sysCompositeFieldEditAction
sysCompositeFieldMoveupCommand,ЩЯвЦ,systemSetting.classification.command.moveup,masterStyle,link,sysCompositeFieldMoveupAction
sysCompositeFieldMovedownCommand,ЯТвЦ,systemSetting.classification.command.movedown,masterStyle,link,sysCompositeFieldMovedownAction
sysCompositeFieldAddCommand,ЬэМг,common.command.sysCommonAddCommand,masterStyle,link,sysCompositeFieldAddAction
sysCompositeFieldCommand,КЯГЩзжЖЮ,,,,table/sysCompositeFieldTable?toolbar='sysCompositeFieldToolbar'&height=300px
sysTransferDrawerCommand,,,,,form/sysEditTransferForm?toolbar=sysConfigurationTransformationDrawerToolbar&dataSource='transformConfigurate/getTransformScheme?transformSchemeGuid=$GUID$'&mode=edit
sysBomTemplateFilterCommand,BOMФЃАхЙ§ТЫ,,type|options|defaultValue|width|initExe|allowClear,combo|Y:systemSetting.bomTemplate.commonTitle.validBOMTemp;N:systemSetting.bomTemplate.commonTitle.allBOMTemp|Y|200px|true|false,sysBomTemplateFilterAction
sysBomRelationFilterCommand,BOMЙиЯЕЙ§ТЫ,,type|options|defaultValue|width|allowClear,combo|Y:systemSetting.bomTemplate.commonTitle.validBOMRelation;N:systemSetting.bomTemplate.commonTitle.allBOMRelation|Y|200px|false,sysBomRelationFilterAction
tempSysBomTemplateSetDefault,ЩшЮЊШБЪЁ,ЩшЮЊФЌШЯ,masterStyle|enableExpression,link|$ISDEFAULT==='N'&&$ISVALID==='Y',sysBomSetDefaultAction
tempSysBomTemplateCopyAdd,ИДжЦаТді,common.command.sysCopyAndNewCommand,masterStyle,link,sysBomTemplateCopyAddAction
tempSysBomTemplateEdit,БрМ­,common.command.sysEditCommand,masterStyle,link,sysBomTemplateEditAction
tempSysBomRelationEdit,БрМ­,common.command.sysEditCommand,masterStyle,link,sysBomRelationEditAction
sysBomRelationTableCommand,BOMЙиЯЕБэИё,,height,calc(50vh - 58px),table/sysBomRelationTable?dataSource="/bomTemplate/listBOMTemplate?order=CREATETIME:desc&isRoot=N"&toolbar=tempSysBomRelationToolbar
sysBomNewRelationCommand,аТНЈBOMЙиЯЕ,systemSetting.bomTemplate.command.sysNewBOMRelationCommand,nzIcon|masterStyle,plus|primary,sysBomNewRelationAction
sysDelExportTemplateCommand,ЩОГ§,common.command.sysDeleteCommand,masterStyle|confirmLabel,link|common.operation.confirm.delete.question,sysDelExportTemplateAction
sysOrgantGSearchCommand,ВПУХЙмРэЫбЫї,systemSetting.organization.groupManagment.placeholder.groupIdAndName,type|width|icon,text|300px|search,sysOrgantGSearchAction
sysOrgantGDownloadTempCommand,ВПУХЙмРэЯТдиФЃАх,systemSetting.organization.userManagment.command.sysUserTemplateDownloadCommand,nzIcon,download,event:sysOrgantGDownloadTempAction?fileName=GroupTemplate.xlsx
sysOrgantImportGroupCommand,ЕМШыВПУХ,systemSetting.organization.groupManagment.command.importGroup,nzIcon,upload,sysOrgantImportGroupAction
sysOrgantGSelectCommand,ВПУХЙмРэРраЭбЁдё,workflow.command.sysSelectTemplateCommand,type|options|defaultValue,combo|N:systemSetting.organization.groupManagment.options.effectiveGroup;Y:systemSetting.organization.groupManagment.options.allGroup|N,sysOrgantGSelectAction
sysOrgantEditGroupCommand,БрМ­ВПУХ,systemSetting.organization.orgzManagement.command.editUser,masterStyle|enableExpression,link|$END2#ISROOT!=='Y',sysOrgantEditGroupAction
sysNewChildGroupCommand,аТНЈзгВПУХ,systemSetting.organization.groupManagment.command.newChildGroup,masterStyle|enableExpression,link|$END2#ISVALID=='Y',event:form/sysOrganGroupForm?process=sysNewChildGroupAction&width=800px&height=600px
sysOrgantRSearchCommand,НЧЩЋЙмРэЫбЫї,systemSetting.organization.roleManagement.placeholder.roleIdAndName,type|width|icon,text|300px|search,sysOrgantRSearchAction
sysOrgantRSelectCommand,НЧЩЋЙмРэРраЭбЁдё,workflow.command.sysSelectTemplateCommand,type|options|defaultValue,combo|N:systemSetting.organization.roleManagement.options.effectiveRole;Y:systemSetting.organization.roleManagement.options.allRole|N,sysOrgantRSelectAction
sysAddExportBomCommand,ЬэМг,basic.common.command.sysCommonAddCommand,nzIcon|masterStyle,plus|primary,sysAddExportBomAction
sysExportBomUploadShowCommand,bomЩЯДЋеЙЪО,common.title.uploadTheTemplate,masterStyle|expression,link|`$BOMREPORTTEMPLATE?$BOMREPORTTEMPLATE:i18n('common.title.uploadTheTemplate')`,sysExportBomUploadShowAction
sysExportBomUploadOptCommand,bomЩЯДЋВйзї,,nzIcon|masterStyle|visiableExpression,plus|link|!$BOMREPORTTEMPLATE,sysExportBomUploadShowAction
sysExportBomUploadOptDelCommand,bomЮФМўЩОГ§Вйзї,,nzIcon|masterStyle|visiableExpression,delete|link|$BOMREPORTTEMPLATE,sysExportBomUploadDelAction
sysExportBomDownloadCommand,bomЮФМўЯТдиВйзї,,nzIcon|masterStyle|visiableExpression,download|link|$BOMREPORTTEMPLATE,sysExportBomDownloadAction
sysOrganGroupExportCommand,ЕМГіЪЇАмЪ§Он,systemSetting.organization.groupManagment.command.exportFailedData,nzIcon,download,sysOrganGroupExportAction
sysClassifyRulesExportCommand,ЕМГіЪЇАмЪ§Он,systemSetting.organization.groupManagment.command.export,nzIcon,download,sysOrganGroupExportAction
sysDingDingIntegratedSaveToolbarCommand,БЃДц,systemSetting.dingdingConfig.command.save,masterStyle,primary,sysDingDingIntegratedSaveAction
sysDingDingIntegratedTestToolbarCommand,МЏГЩВтЪд,systemSetting.dingdingConfig.command.test,masterStyle,default,sysDingDingIntegratedTestAction
sysDingDingIntegratedOrgStructureSynchToolbarCommand,зщжЏНсЙЙЭЌВН,systemSetting.dingdingConfig.command.organizationSync,masterStyle,default,sysDingDingIntegratedOrgStructureSynchAction
sysPerBatchDeleteCommand,ХњСПЩОГ§,common.command.sysDeleteCommand,masterStyle|confirmLabel,link|common.operation.confirm.delete.question,sysPerBatchDeleteAction
sysOrganizationMenuCommand,systemSetting.organization.description,systemSetting.organization.title,icon|suffix,organizationStructure|svg,xxxx?route=organization-structure
sysSecurityMenuCommand,systemSetting.security.description,systemSetting.security.title,icon|suffix,SecuritySettings|svg,xxxx?route=security-settings
sysEmailServerMenuCommand,systemSetting.emailServer.description,systemSetting.emailServer.title,icon|suffix,EmailServerManage|svg,xxxx?route=email-server-manage
sysConfigurationTransformationMenuCommand,systemSetting.common.description.fileTransSetting,systemSetting.common.title.fileTransSetting,icon,transfer,xxxx?route=configuration-transformation
sysBusinessRuleMenuCommand,systemSetting.BusinessRule.description,systemSetting.BusinessRule.title,icon|suffix,BusinessRule|svg,xxxx?route=business-rule
sysCalendarManagementMenuCommand,systemSetting.calender.description,systemSetting.calender.title,icon,calendar,xxxx?route=calendar-management
sysCodeMenuCommand,systemSetting.codeManagement.description,systemSetting.codeManagement.title,icon|suffix,code|svg,xxxx?route=code-management
sysBomTemplateMenuCommand,systemSetting.bomTemplate.description,systemSetting.bomTemplate.title,icon|suffix,bomTemplate|svg,xxxx?route=bom-template
sysRelationTemplateMenuCommand,systemSetting.relationTemplate.description,systemSetting.relationTemplate.title,icon|suffix,relationTemplate|svg,xxxx?route=relation-template
sysWorkflowTemplateMenuCommand,systemSetting.workflowTemplate.content.mainContent,systemSetting.workflowTemplate.title.mainTitle,icon|suffix,workflowTemplate|svg,xxxx?route=workflow-template
sysRuleManagementMenuCommand,systemSetting.revisionRule.description,systemSetting.revisionRule.title,icon|suffix,ruleManagement|svg,xxxx?route=rule-management
sysPermissionMenuCommand,systemSetting.permission.title.describe,systemSetting.permission.title.main,icon,permission,xxxx?route=permission
sysClassificationMenuCommand,systemSetting.classification.description,systemSetting.classification.title,icon,classification,xxxx?route=classification-management
sysCADTemplateComponentMenuCommand,systemSetting.common.description.cadTemplate,systemSetting.common.title.cadTemplate,icon,cadTemplate,xxxx?route=cad-template
sysMilestoneMenuCommand,systemSetting.common.title.mileStone,systemSetting.common.title.mileStone,icon,milestone,xxxx?route=milestone
sysTaskTimeManagementMenuCommand,systemSetting.common.description.workHours,systemSetting.common.title.workHours,icon,taskTimeManagement,xxxx?route=task-time-management
sysMessageRuleConfigurationMenuCommand,systemSetting.common.description.messageRule,systemSetting.common.title.messageRule,icon,notifyRuleManagement,xxxx?route=message-rule-configuration
sysErpIntegratedMenuCommand,systemSetting.ERPTemplate.description,systemSetting.ERPTemplate.title,icon|suffix|module,ErpIntegrated|svg|DT-ERPI,xxxx?route=erpintegrated-template-management
sysDingdingIntegratedMenuCommand,systemSetting.common.description.dingdingIntegrated,systemSetting.common.title.dingdingIntegrated,icon,DingdingIntegrated,xxxx?route=dingding-integrated
sysDispatchCenterCommand,ЕїЖШжааФ,ЕїЖШжааФ,icon,Dispatch,xxxx?route=dispatch-center
sysAssociationTemplateFilterCommand,ЙиСЊФЃАхЙ§ТЫ,,type|options|defaultValue|width|initExe,combo|Y:systemSetting.relationTemplate.command.onlyEffectiveAssociatedTemplates;N:systemSetting.relationTemplate.commonTitle.allAssociatedTemplates|Y|200px|true,sysAssociationTemplateFilterAction
sysAssociationBusinessFilterCommand,ЙиСЊвЕЮёЖдЯѓЙ§ТЫ,,type|options|defaultValue|width,combo|Y:systemSetting.relationTemplate.command.onlyEffectiveAssociationRelationships;N:systemSetting.relationTemplate.commonTitle.allAssociationRelationship|Y|200px,sysAssociationBusinessFilterAction
sysRelationTemplateCopyAddCommand,ИДжЦаТді,common.command.sysCopyAndNewCommand,masterStyle,link,sysRelationTemplateCopyAddAction
sysRelationTemplateEditCommand,БрМ­,common.command.sysEditCommand,masterStyle,link,sysRelationTemplateEditAction
sysRelationBusinessEditCommand,БрМ­,common.command.sysEditCommand,masterStyle,link,sysRelationBusinessEditAction
sysCodeManageDownloadTempCommand,ЯТдиФЃАх,systemSetting.codeManagement.command.sysDownloadCodeTemplateCommand,nzIcon,download,event:sysCodeManageDownloadTempAction?fileName=CodeTemplate.xlsx
sysCodeManageImportUserCommand,ЕМШызщТы,systemSetting.codeManagement.command.sysImportCodeCommand,nzIcon,upload,sysCodeManageImportUserAction
sysClassificationAttributeCommand,ДЋЗжРрЪєад,systemSetting.codeManagement.command.classificationAttribute,masterStyle|enableExpression|visiableExpression,link|`$CANERPFIELDS == 'Y'`|`$CANERP == 'Y'`,event:sysClassificationAttributeAction
sysClassificationSubitemCommand,ДЋЗжРрзгЯю,systemSetting.codeManagement.command.classificationSubItem,masterStyle|enableExpression|visiableExpression,link|`$CANERPITEM == 'Y'`|`$CANERP == 'Y'`,event:sysClassificationSubitemAction
sysClassificationAttributeAndSubitemCommand,ДЋЗжРрЪєадКЭЗжРрзгЯю,systemSetting.codeManagement.command.classificationAttributeAndSubItem,masterStyle|enableExpression|visiableExpression,link|`$CANERPALL == 'Y'`|`$CANERP == 'Y'`,event:sysClassificationAttributeAndSubitemAction
sysNodeManageCommand,НкЕуЙмРэtable,НкЕуЙмРэ,height,calc(100vh - 150px),table/sysDCNodeManageTable?dataSource='/handlerNode/list?order=CREATETIME:desc'&toolbar='sysDCNodeManageToolbar'
sysTaskManageCommand,ШЮЮёЙмРэtable,ШЮЮёЙмРэ,height,calc(100vh - 150px),table/sysDCTaskManageTable?dataSource='/task/list?order=CREATETIME:desc'&toolbar='sysDCTaskManageToolbar'
sysScheduleManageCommand,ЕїЖШЦїЙмРэtable,ЕїЖШЦїЙмРэ,height,calc(100vh - 150px),table/sysDCActuatorManageTable?dataSource='/job/queryList?order=CREATETIME:desc'&toolbar='sysDCActuatorManageToolbar'
sysDCTaskManagNewCommand,аТді,common.command.sysNewCommand2,masterStyle,primary,sysDCTaskManagNewAction
sysDCNodeManagNewCommand,аТді,common.command.sysNewCommand2,masterStyle,primary,sysDCNodeManagNewAction
sysDCActuatorManagNewCommand,аТді,common.command.sysNewCommand2,masterStyle,primary,sysDCActuatorManagNewAction
sysDCTaskManagDeleteCommand,ШЮЮёЩОГ§,common.command.sysDeleteCommand,masterStyle|confirmLabel,link|common.operation.confirm.delete.question,silent:/task/delete?id=$id
sysDCTaskManagEditCommand,ШЮЮёБрМ­,common.command.sysEditCommand,masterStyle,link,sysDCTaskManagEditAction
sysDCNodeManagDeleteCommand,НкЕуЩОГ§,common.command.sysDeleteCommand,masterStyle|confirmLabel,link|common.operation.confirm.delete.question,silent:/handlerNode/delete?id=$id
sysDCNodeManagEditCommand,НкЕуБрМ­,common.command.sysEditCommand,masterStyle,link,sysDCNodeManagEditAction
sysDCActuatorManagDeleteCommand,ЕїЖШЦїБэИёЩОГ§,common.command.sysDeleteCommand,masterStyle|confirmLabel,link|common.operation.confirm.delete.question,silent:/job/deleteJob?id=$id
sysDCActuatorManagEditCommand,ЕїЖШЦїБэИёБрМ­,common.command.sysEditCommand,masterStyle,link,sysDCActuatorManagEditAction
sysNewCADTemplateCommand,аТНЈCADЭМЕЕФЃАх,systemSetting.CADTemplate.button.newCADDrawingTemplate,nzIcon|masterStyle,plus|primary,sysNewCADTemplateAction?formName='sysNewCADTemplateForm'
sysCADTemplateEditCommand,БрМ­,common.title.edit,masterStyle,link,sysCADTemplateEditAction
sysCADTemplateDeleteCommand,ЩОГ§,common.command.sysDeleteCommand,masterStyle|confirmLabel,link|systemSetting.CADTemplate.toolTip.isDeleteSelectTemplate,sysCADTemplateDeleteAction
sysCADTemplateSourceFileSearchCommand,ЫбЫї,systemSetting.CADTemplate.placeholder.sourceFileSearch,icon|type|width,search|text|300px,sysCADTemplateSourceFileSearchAction
sysCADTemplateBatchDeleteCommand,ЩОГ§,common.command.sysDeleteCommand,masterStyle|confirmLabel,link|systemSetting.CADTemplate.toolTip.isDeleteSelectTemplate,sysCADTemplateBatchDeleteAction
sysCodeDeleteCommand,ЩОГ§,common.command.sysDeleteCommand,masterStyle|confirmLabel,link|systemSetting.codeManagement.message.deleteCodeMessage,sysCodeDeleteAction
demand,,basic.prog.demand,icon,,cover:/demand?ui=page&name=sysDemand
library,,basic.prog.library,icon|isBreadRoute,icon-item|true,cover:/public-space?ui=page&name=sysLibrary&sideToolbar=CommonSideToolbar
design,,basic.prog.design,icon|isBreadRoute,icon-pro|true,cover:/product-design?ui=page&name=sysDesign&sideToolbar=CommonSideToolbar
process,,basic.prog.process,icon|isBreadRoute|module,icon-technology|true|DT-ROUTE,cover:/process-manage?ui=page&name=sysProcess&sideToolbar=CommonSideToolbar
workbench,,basic.prog.work,icon|isBreadRoute,icon-work|false,cover:/workbench?sideToolbar=CommonSideToolbar
dashboard,,basic.prog.dashboard,icon|isBreadRoute,icon-dashboard|false,cover:/dashboard?sideToolbar=CommonSideToolbar
sysDesginDetailPageCommand,ВњЦЗЩшМЦЖўМЖвГУц,,,,page/sysDesginDetailPage?route=/product-design&type=ui,
sysPublicDetailPageCommand,ЙЋЙВПеМфЖўМЖвГУц,,,,page/sysPublicDetailPage?route=/public-space&type=ui,
sysProcessDetailPageCommand,ЙЄвеЙмРэЖўМЖвГУц,,,,page/sysProcessDetailPage?route=/process-manage&type=ui,
sysAmendmentCommand,аоЖЉЙцдђ,systemSetting.BusinessRule.commonTitle.revisionRule,height,auto,general/amendmentRule
sysDerivativeRulesCommand,ХЩЩњЙцдђ,systemSetting.BusinessRule.commonTitle.derivativeRule,,,page/sysDerivativeRulePage?
sysDerRuleMenuCommand,ХЩЩњЙцдђ(menuВЫЕЅ),systemSetting.BusinessRule.commonTitle.revisionRule,height,calc(100vh - 150px),general/menu?dataSource=/businessRule/buildClassInfoTree&triggerMess='sysDerRuleRightCommand:sysDerRuleMenuClick'
sysDerRuleRightCommand,ХЩЩњЙцдђ(right-form),,height|width|padding,calc(100vh - 150px)|50%|`20px 70% 20px 0`,form/sysDerRuleRightForm?mode=edit&toolbar=sysDerRuleRightFormToolBar&isObject=false
sysBomForkSaveCommand,ХЩЩњЙцдђБЃДцАДХЅ,systemSetting.common.option.save,masterStyle|enableExpression,default|!$isExtendPC,sysBomForkSaveAction
sysBatchTransferCommand,ХњСПзЊЛЛ,systemSetting.conversion.convertSetting.command.sysBatchTransferCommand,masterStyle|visiableExpression|enableExpression,link|$CLASSIFICATION$NAME==='Manual'|$CLASSIFICATION$NAME==='Manual',sysBatchTransferAction
sysCollectionRecordsCommand,,,type|generalName,general|collectionRecords,
objectSearchText,ИпМЖЫбЫї-ЖдЯѓЫбЫї,advsearch.placeHolder.inputIDName,type|width|icon,text|300px|search,SearchAction
sysSearchAddCommand,ЬэМг,advsearch.title.selectLocation,,,modal:table/sysSelectLocationTable?toolbar=sysSelectLocationToolbar&dataSource='/rewrite/Common/ICommonLibraryService/listAllLibrarys?type=$type'&width=70%&height=60%
sysSelectLocationFilterCommand,бЁдёЮЛжУЗжЖЮ,,type|select|options,segment|All|All:advsearch.title.locationFilter.all;PRODUCTLIB:advsearch.title.locationFilter.productlib;PUBLICSPACE:advsearch.title.locationFilter.publicspacelib;PROCESS:advsearch.title.locationFilter.craftlib:visiableExpression=$.hasLicense('DT-ROUTE'),sysSelectLocationFilterAction
sysCopyObjectCommand,ИДжЦ,advsearch.command.copyObject,masterStyle|enableExpression,link|$GUID$&&(!(!$HASAUTH&&$HASAUTH!==undefined)),event:sysCopyObjectAction
sysDonwloadCommand,ЯТдиИНМў,advsearch.command.downloadAttachment,masterStyle|visiableExpression|enableExpression,link|$DATATYPE!='Folder'|$ATTACH_DOWNLOAD_BUTTON=='Y',sysStartDonwloadAction
sysInstancePreviewBaseCommand,ЖдЯѓдЄРРГщЬыЛљДЁаХЯЂ,basic.common.command.sysInstanceDetailCommand,height,auto,form/sysPreviewBaseForm?
sysInstancePreviewDetailCommand,ЖдЯѓдЄРРГщЬыЯъЯИаХЯЂ,basic.common.command.sysInstanceDetailCommand,height|maxHeight,auto|auto,form/?
sysNavigationCommand,ЯЕЭГЕМКНвГ,common.title.baseInfo,height,56px,general/sysNavigation?name=sysNavigation
sysBreadcrumbCommand,ЯЕЭГУцАќаМ,common.title.baseInfo,height,45px,general/sysBreadcrumb
sysRouterOutletCommand,ТЗгЩеМЮЛ,common.title.baseInfo,,,general/router-outlet
sysOrganizationCommand,зщжЏНсЙЙ,зщжЏНсЙЙ,height,calc(100vh - 101px),page/sysOrganizationPage
sysRuleManagementCommand,ЙцдђЙмРэ,ЙцдђЙмРэ,height,calc(100vh - 101px),page/sysRuleManagementPage
sysRelationTemplateCommand,ЙиЯЕФЃАх,ЙиЯЕФЃАх,height,calc(100vh - 101px),page/tempSysRelationTemplatePage
sysTemplateManagementCommand,BOMФЃАхЙмРэ,BOMФЃАхЙмРэ,height,calc(100vh - 101px),page/sysTemplateManagementPage
sysTransformationCommand,зЊЛЛХфжУ,зЊЛЛХфжУ,height,calc(100vh - 101px),page/sysConfigurationTransformationPage
sysSecuritySettingsCommand,ЯЕЭГАВШЋЩшжУвГУц,ЯЕЭГАВШЋЩшжУвГУц,height,calc(100vh - 101px),general/security-settings
sysTaskTimeManagementCommand,ШЮЮёЪБМфЙмРэ,ШЮЮёЪБМфЙмРэ,height,calc(100vh - 101px),general/task-time-management
sysMessageRuleConfigurationCommand,ЯћЯЂЙцдђХфжУ,ЯћЯЂЙцдђХфжУ,height,calc(100vh - 101px),general/message-rule-configuration
sysCalendarManagementCommand,ШеРњЙмРэ,ШеРњЙмРэ,height,calc(100vh - 101px),general/calendar-management
sysMilestoneCommand,РяГЬБЎ,РяГЬБЎ,height,calc(100vh - 101px),general/milestone
sysCodeManagementCommand,зщТыЙмРэ,зщТыЙмРэ,height,calc(100vh - 101px),page/sysCodeManagementPage
sysClassificationManagementCommand,ЗжРрЙмРэ,ЗжРрЙмРэ,height,calc(100vh - 101px),general/classification-management
sysCadTemplateCommand,CADФЃАх,CADФЃАх,height,calc(100vh - 101px),general/cad-template
sysEmailServerManageCommand,гЪМўЗўЮёЦїЙмРэ,гЪМўЗўЮёЦїЙмРэ,height,calc(100vh - 101px),general/email-server-manage
sysBusinessRuleCommand,вЕЮёЙцдђ,вЕЮёЙцдђ,height,calc(100vh - 101px),general/business-rule
sysErpintegratedTemplateManagementCommand,ERPМЏГЩФЃАхЙмРэ,ERPМЏГЩФЃАхЙмРэ,height,calc(100vh - 101px),general/erpintegrated-template-management
sysDingdingIntegratedCommand,ЖЄЖЄМЏГЩ,ЖЄЖЄМЏГЩ,height,calc(100vh - 101px),general/dingding-integrated
sysConfigurationTransformationCommand,ХфжУзЊЛЛ,ХфжУзЊЛЛ,height,calc(100vh - 101px),general/configuration-transformation
sysAddParamsCommand,ЬэМгВЮЪ§,ЬэМгВЮЪ§,height,calc(100vh - 101px),general/add-params
sysPermissionCommand,ШЈЯо,ШЈЯо,,,general/permission
sysWorkflowTemplateCommand,ЙЄзїСїФЃАх,ЙЄзїСїФЃАх,height,calc(100vh - 101px),general/workflow-template


