Table Name,Column Name,Description,Label,Key,Property Key,Property Value
ItemManageSearchTable,ID,БрКХ,common.field.id,ID$,refreshCall|width|full|action|prefix|cellRenderer|disExp,false|190px|true|sysOpenGeneralBlankAction|ICON$|iconWithToolbar|!$HASAUTH&&$HASAUTH!==undefined
ItemManageSearchTable,NAME,УћГЦ,common.field.name,NAME$,width|position,200px|2/5/3/9
ItemManageSearchTable,classname,РраЭ,common.field.botitle,BOTITLE$,canSort|expression,false|${BOTITLE$}
ItemManageSearchTable,STATUS,зДЬЌ,common.field.status,STATUS$,type|width|colorMapping|canFilter|filterURL,state|100px|WIP:#f2ba02;PRE:#4b87ff;RLS:#29cc74;ECP:#65b7ff;OBS:#808080|true|/rewrite/SysModel/CommonModel/listOptions
ItemManageSearchTable,REVISIONID,АцБО,common.field.revision,REVISIONID$,width|canSort|expression,80px|false|$REVISIONID$?$REVISIONID$+'.'+$ITERATIONID$:''
ItemManageSearchTable,LIFECYCLEPHASE,НзЖЮ,common.field.lifecyclephase,LIFECYCLEPHASE$,type,lcphase
ItemManageSearchTable,CLASSIFICATION,ЗжРр,common.field.classification,CLASSIFICATION$,type|canFilter|expression,classification|false|i18n($CLASSIFICATION$TITLE)
ItemManageSearchTable,Specification,ЙцИё,common.field.specification,SPECIFICATION,canSort|canFilter,false|true
ItemManageSearchTable,UOM,ЕЅЮЛ,common.field.uom,UOM,type|typeValue|editable,code|Q1Unit|false
ItemManageSearchTable,Material,ВФжЪ,common.field.material,MATERIAL,type|editable,string|false
ItemManageSearchTable,SourceType,РДдДТы,common.field.sourcetype,SOURCETYPE,type|filterURL|editable|filterParams|canFilter,code|/rewrite/SysModel/CommonModel/listOptions|true|codeName=SourcingCode|true
ItemManageSearchTable,Remark,БИзЂ,common.field.remark,REMARK,editable,false
ItemManageSearchTable,UHasBOM,ЪЧЗёгаBOMЃП,common.field.uhasbom,UHASBOM,type|filterURL|canFilter|filterParams,code|/rewrite/SysModel/CommonModel/listOptions|true|codeName=UHasBOM
ItemManageSearchTable,ISCHECKOUT,ЪЧЗёМьГіЃП,common.field.ischeckout,ISCHECKOUT$,type|canFilter,boolean|true
ItemManageSearchTable,CREATETIME,ДДНЈЪБМф,common.field.createtime,CREATETIME$,type|format,date|yyyy-MM-dd HH:mm:ss
ItemManageSearchTable,updatetime,ИќаТЪБМф,common.field.updatetime,UPDATETIME$,canSort|type|format|order,true|date|yyyy-MM-dd HH:mm:ss|desc
ItemManageSearchTable,OWNERUSER,Ыљгаеп,common.field.owneruser,OWNERUSER$,type,user
sysConstraintRuleTable,ROLEID,ЙцдђБрКХ,ЙцдђБрКХ,ROLEID,action,drawer:page/sysConstraintRuleDrawerPage?GUID=$GUID&mode=edit&width=50vw
sysConstraintRuleTable,ROLENAME,ЙцдђУћГЦ,ЙцдђУћГЦ,ROLENAME,,
sysConstraintRuleTable,DESCRIPTION,ЙцдђРраЭ,ЙцдђРраЭ,DESCRIPTION,,
sysConstraintRuleTable,TEST-1,вьГЃЯћЯЂ,вьГЃЯћЯЂ,TEST,,
sysConstraintRuleTable,,ЪЧЗёжБНгЦєгУЙцдђ,ЪЧЗёжБНгЦєгУЙцдђ,,,
sysConstraintRuleTable,TEST-2,ЕквЛдМЪј,ЕквЛдМЪј,TEST,,
sysConstraintRuleTable,operation,Вйзї,common.field.operation,OPERATION$,type|toolbar,operation|spaceToolBar
sysOrganizationTable,userId,гУЛЇУћ,systemSetting.organization.userManagment.field.userId,USERID,width|cellClassNameExpression,100px|`if($ISACTIVE==='N'){return 'user-unvaild';}`
sysOrganizationTable,userName,аеУћ,systemSetting.organization.userManagment.field.userName,USERNAME,width|cellClassNameExpression,100px|`if($ISACTIVE==='N'){return 'user-unvaild';}`
sysOrganizationTable,USERSIGNATURE,ЕчзгЧЉеТ,systemSetting.organization.orgzManagement.field.useravatar,USERSIGNATURE,width|type|isIcon|cellClassNameExpression,100px|image|false|`if($ISACTIVE==='N'){return 'user-unvaild';}`
sysOrganizationTable,mail,гЪМў,systemSetting.organization.userManagment.field.mail,EMAIL,width|cellClassNameExpression,130px|`if($ISACTIVE==='N'){return 'user-unvaild';}`
sysOrganizationTable,TEL,ЕчЛА,systemSetting.organization.userManagment.field.telephone,TEL,width|cellClassNameExpression,120px|`if($ISACTIVE==='N'){return 'user-unvaild';}`
sysOrganizationTable,MOBILE,вЦЖЏЕчЛА,systemSetting.organization.userManagment.field.mobilePhone,MOBILE,width|cellClassNameExpression,140px|`if($ISACTIVE==='N'){return 'user-unvaild';}`
sysOrganizationTable,AGENT,ДњРэШЫ,systemSetting.organization.orgzManagement.field.agent,AGENT,width|labelKey|type|showAddExpression|delAction|labelExp|cellClassNameExpression|showDelExpression,250px|title|tag|false|agentDelTagAction|`$origin['AGENT$NAME']+'('+i18n($origin['ACTIVE$TITLE'])+')'+$origin['STARTDATE']+'-'+$origin['FINISHDATE']`|`if($ISACTIVE==='N'){return 'user-unvaild';}`|$ISACTIVE==='Y'
sysOrganizationTable,RIGLIST,ЫљЪєВПУХ,systemSetting.organization.orgzManagement.field.department,RIGLIST,width|autoHeight|wrapText|labelKey|type|showAddExpression|delAction|cellClassNameExpression|showDelExpression|autoHeight|wrapText,330px|true|true|label|tag|false|rigDelTagAction|`if($ISACTIVE==='N'){return 'user-unvaild';}`|$ISACTIVE==='Y'|true|true
sysOrganizationTable,ISACTIVE,ЩњЪЇаЇ,systemSetting.organization.orgzManagement.field.isAssert,ISACTIVE,width|type|updateAction|disabledExpression,85px|switch|sysOrganActiveAction|`$USERID==='admin'`
sysOrganizationTable,operation,Вйзї,common.field.operation,OPERATION$,type|toolbar|width,operation|sysOrganOptionToolbar|265px
tempSysBOMBusinessObjectTable,TEMPLATEID,БрКХ,systemSetting.bomTemplate.field.templateId,TEMPLATEID,,
tempSysBOMBusinessObjectTable,isValid,ЪЧЗёгааЇ,systemSetting.bomTemplate.field.isValid,ISVALID,,
tempSysBOMBusinessObjectTable,end1Bo,ИИНзвЕЮёЖдЯѓ,systemSetting.bomTemplate.field.end1Bo,END1INFO,type|width|addAction|tagTitle|deleteAction|addButtonVisibleExpression,tagEdit|200px|addBomTemplateEnd1Action|END1BONAME|deleteRBomTemplateEnd1Action|!$END1INFO[0]
tempSysBOMBusinessObjectTable,end2Bo,згНзвЕЮёЖдЯѓ,systemSetting.bomTemplate.field.end2Bo,BOMTEMPLATEEND2LIST,type|width|addAction|tagTitle|deleteAction,tagEdit|200px|addBomTemplateEnd2Action|END2BONAME|deleteBomTemplateEnd2Action
tempSysBOMBusinessObjectTable,operation,Вйзї,common.field.operation,OPERATION$,type|toolbar,operation|tempSysBusinessObjectOptionToolbar
tempSysReportFormsTable,BOMБЈБэФЃАхУћГЦ,BOMБЈБэФЃАхУћГЦ,systemSetting.bomTemplate.field.reportTemplateName,BOMREPORTTEMPLATENAME,,
tempSysReportFormsTable,ЖЈжЦЛЏРрУћГЦ,ЖЈжЦЛЏРрУћГЦ,systemSetting.bomTemplate.field.customizedClassName,BOMSCRIPTFILENAME,,
tempSysReportFormsTable,BOM,BOM,BOM,BOMREPORTTEMPLATE,,
tempSysReportFormsTable,ЪїаЮНсЙЙ,ЪїаЮНсЙЙ,systemSetting.bomTemplate.field.treeStructure,BOMREPORTEXPORTBOMTREE,,
tempSysReportFormsTable,СаБэНсЙЙ,СаБэНсЙЙ,systemSetting.bomTemplate.field.listStructure,BOMREPORTEXPORTBOMLIST,,
tempSysReportFormsTable,вЕЮёЗжзщ,вЕЮёЗжзщ,systemSetting.bomTemplate.field.groupByBusiness,BOMREPORTEXPORTBO,,
tempSysReportFormsTable,ЗжРрЗжзщ,ЗжРрЗжзщ,systemSetting.bomTemplate.field.groupByClassification,BOMREPORTEXPORTCLASSIFICATION,,
tempSysReportFormsTable,ЛузмЗжзщ,ЛузмЗжзщ,systemSetting.bomTemplate.field.groupBySummary,BOMREPORTEXPORTBOORCL,,
tempSysReportFormsTable,operation,Вйзї,common.field.operation,OPERATION$,type|toolbar,operation|tempSysReportFormsOptionToolbar
sysAssociationTemplateTable,templateName,ФЃАхУћГЦ,systemSetting.relationTemplate.field.name,TEMPLATENAME,width,180px
sysAssociationTemplateTable,TITLE,END1БъЬт,systemSetting.relationTemplate.field.end1Title,TITLE,translateType|width,translate|150px
sysAssociationTemplateTable,FROMEND2TITLE,END2БъЬт,systemSetting.relationTemplate.field.end2Title,FROMEND2TITLE,translateType|width,translate|150px
sysAssociationTemplateTable,showInRelatedView,ЪЧЗёЯдЪОдкЙиСЊЖдЯѓвГЧЉ,systemSetting.relationTemplate.field.isShowAssociatedObjectTab,SHOWINRELATEDVIEW,type|width,boolean|200px
sysAssociationTemplateTable,reverseSearch,ЪЧЗёЯдЪОЗДЯђЙиСЊ,systemSetting.relationTemplate.field.reverseSearch,CANOPPOSITE,type|width,boolean|150px
sysAssociationTemplateTable,showInSummary,ЪЧЗёЯдЪОдкзлКЯЪгЭМжа,systemSetting.relationTemplate.field.showInSummary,SHOWINSUMMARYVIEW,type|width,boolean|200px
sysAssociationTemplateTable,type,ЙиСЊРраЭ,systemSetting.relationTemplate.field.type,STRUCTUREMODEL,expression|width,$STRUCTUREMODEL==='0' ? 'СаБэНсЙЙ': 'ЪїаЮНсЙЙ'|120px
sysAssociationTemplateTable,viewClass,ЪгЭМРр,systemSetting.relationTemplate.field.viewClass,VIEWCLASSNAME,width,100px
sysAssociationTemplateTable,strucClass,НсЙЙРр,systemSetting.relationTemplate.field.strucClass,STRUCTURECLASSNAME,width,100px
sysAssociationTemplateTable_,end2RelatedType,згНзРраЭ,systemSetting.relationTemplate.field.suborderType,END2TYPE,width|expression,120px|$END2TYPE==='0' ? 'жїЖдЯѓ': ($END2TYPE==='1' ? 'АцБО': 'ЗЂВМЪБзюаТАцБО')
sysAssociationTemplateTable,maxEnd2Cnt,згНззюДѓЪЕР§Ъ§,systemSetting.relationTemplate.field.maxEnd2Cnt,MAXQUANTITY,type|width,number|150px
sysAssociationTemplateTable,REVISETRIGGER,ЙиСЊаоЖЉ,systemSetting.relationTemplate.field.triggerNewRev,REVISETRIGGER,type|width,boolean|120px
sysAssociationTemplateTable,SAVEASTRIGGER,ЙиСЊСэДц,systemSetting.relationTemplate.field.triggerSaveAs,SAVEASTRIGGER,type|width,boolean|120px
sysAssociationTemplateTable,CHECKINTRIGGER,ЙиСЊМьШы,systemSetting.relationTemplate.field.triggerCheckIn,CHECKINTRIGGER,type|width,boolean|120px
sysAssociationTemplateTable,CHECKOUTTRIGGER,ЙиСЊМьГі,systemSetting.relationTemplate.field.triggerCheckout,CHECKOUTTRIGGER,type|width,boolean|120px
sysAssociationTemplateTable,TRASCHKOUTTRIGGER,ЙиСЊвЦНЛМьГі,systemSetting.relationTemplate.field.triggerTransCheckout,TRASCHKOUTTRIGGER,type|width,boolean|150px
sysAssociationTemplateTable,CANCELCHKOUTTRIGGER,ЙиСЊШЁЯћМьГі,systemSetting.relationTemplate.field.triggerCancelCheckout,CANCELCHKOUTTRIGGER,type|width,boolean|150px
sysAssociationTemplateTable,CHANGELOCATIONTRIGGER,ЙиСЊИФБфЮЛжУ,systemSetting.relationTemplate.field.triggerChangeLocation,CHANGELOCATIONTRIGGER,type|width,boolean|150px
sysAssociationTemplateTable,DELETETRIGGER,ЙиСЊЩОГ§,systemSetting.relationTemplate.field.associationDeletion,DELETETRIGGER,type|width,boolean|120px
sysAssociationTemplateTable,remark,БИзЂ,systemSetting.relationTemplate.field.remark,REMARK,width,150px
sysAssociationTemplateTable,ISVALID,ЩњЪЇаЇ,systemSetting.relationTemplate.field.birthFailure,ISVALID,type|updateAction|width,switch|sysAssociationTemplateUpdateValidAction|100px
sysAssociationTemplateTable,operation,Вйзї,common.field.operation,OPERATION$,type|toolbar|width,operation|tempSysRelationTemplateOptionToolbar|200px
sysRelationBusinessObjectTable,END1BOTITLE,ИИНзвЕЮёЖдЯѓ,systemSetting.relationTemplate.field.end1Bo,END1BOTITLE,translateType,translate
sysRelationBusinessObjectTable,END2LIST,згНзвЕЮёЖдЯѓ,systemSetting.relationTemplate.field.end2Bo,END2LIST,type|width|tagTitle|labelKey|showDelExpression|showAddExpression|wrapText|autoHeight,tag|600px|END2BOTITLE|END2BOTITLE|false|false|true|true
sysRelationBusinessObjectTable,END2UNIQUEFIELDS,згНзЮЈвЛадЬѕМў,systemSetting.relationTemplate.field.suborderUniquenessCondition,END2UNIQUEFIELDS,type|labelKey|showDelExpression|showAddExpression|width,tag|FIELDTITLE|false|false|250px
sysRelationBusinessObjectTable,FIELDFORRECORDHASEND2,МЧТМДцдкзгНзЕФзжЖЮ,systemSetting.relationTemplate.field.recordFieldsWithSubOrders,FIELDFORRECORDHASEND2,width,180px
sysRelationBusinessObjectTable,ISVALID,ЩњЪЇаЇ,systemSetting.relationTemplate.field.birthFailure,ISVALID,type|updateAction|width,switch|sysRelationBusinessObjectUpdateValidAction|90px
sysRelationBusinessObjectTable,operation,Вйзї,common.field.operation,OPERATION$,type|toolbar|width,operation|tempSysRelationBusinessObjectOptionToolbar|80px
sysRoleTable,roleId,БрКХ,systemSetting.organization.roleManagement.field.roleId,ROLEID,editable|cellEditableExpression|prefix|prefixDefaultValue|width,true|`$current['ISEDIT$']||!$current['GUID']`|ICON$|`/role.svg`|220px
sysRoleTable,roleName,УћГЦ,systemSetting.organization.roleManagement.field.roleName,ROLENAME,editable|cellEditableExpression|width,true|`$current['ISEDIT$']||!$current['GUID']`|193px
sysRoleTable,description,УшЪі,systemSetting.organization.roleManagement.field.description,DESCRIPTION,editable|cellEditableExpression|width,true|`$current['ISEDIT$']||!$current['GUID']`|290px
sysRoleTable,ISACTIVE,ЩњЪЇаЇ,systemSetting.organization.orgzManagement.field.isAssert,ISACTIVE,type|updateAction|disabledExpression|defaultValue|width,switch|sysOrganRActiveAction|`!$ISEDIT$ && $GUID`|Y|90px
sysOrganGroupTable,GROUPID,ВПУХБрКХ,systemSetting.organization.groupManagment.field.groupId,GROUPID,expression|prefix|width,$END2#GROUPID|ICON$|300px
sysOrganGroupTable,GROUPNAME,ВПУХУћГЦ,systemSetting.organization.groupManagment.field.groupName,GROUPNAME,expression|width,$END2#GROUPNAME|220px
sysOrganGroupTable,END2#ROLELIST,ВПУХНЧЩЋ,systemSetting.organization.groupManagment.field.groupRole,END2#ROLELIST,width|autoHeight|wrapText|labelKey|type|showAddExpression|delAction,580px|true|true|label|tag|false|roleDelTagAction
sysOrganGroupTable,CALENDARGUID,ШеРњ,systemSetting.organization.groupManagment.field.calendar,CALENDARGUID,expression|width,$END2#CALENDARGUID$TITLE|100px
sysOrganGroupTable,END2#ISVALID,ЩњЪЇаЇ,systemSetting.organization.orgzManagement.field.isAssert,END2#ISVALID,type|updateAction|width|disabledExpression,switch|sysOrganGActiveAction|90px|`$END2#ISROOT==='Y' || $END2#GROUPID==='ADMINISTRATOR'`
sysOrganGroupTable,operation,Вйзї,common.field.operation,OPERATION$,type|toolbar|width,operation|sysOrganGroupOptionToolbar|170px
sysClassificationCodeManageTable,CODENAME,УћГЦ,systemSetting.codeManagement.field.name,CODENAME,width|action,200px|drawer:page/sysCodeManagementDrawerPage?GUID=$GUID&titleExpression=${CODENAME}
sysClassificationCodeManageTable,DESCRIPTION,УшЪі,systemSetting.codeManagement.field.description,DESCRIPTION,type|width,string|230px
sysClassificationCodeManageTable,TITLE,БъЬт,systemSetting.codeManagement.field.title,TITLE,translateType|type|width,translate|string|160px
sysClassificationCodeManageTable,ISCLASSIFICATION,ЪЧЗёЗжРр,systemSetting.codeManagement.field.isclassification,ISCLASSIFICATION,type|width,boolean|90px
sysClassificationCodeManageTable,CODETYPE,РраЭ,systemSetting.codeManagement.field.codeType,CODETYPE,expression|type|width,${CODETYPE$TITLE}|string|100px
sysClassificationCodeManageTable,CREATETIME,ДДНЈЪБМф,common.field.createtime,CREATETIME,canSort|type|format|order|width,true|date|yyyy-MM-dd HH:mm:ss|desc|160px
sysClassificationCodeManageTable,UPDATETIME,ИќаТЪБМф,common.field.updatetime,UPDATETIME,type|format|width,date|yyyy-MM-dd HH:mm:ss|160px
sysClassificationCodeManageTable,operation,Вйзї,common.field.operation,OPERATION$,type|toolbar|width,operation|sysClassificationCodeOperationToolbar|160px
sysNormalCodeManageTable,CODENAME,УћГЦ,systemSetting.codeManagement.field.name,CODENAME,width|action,200px|drawer:page/sysCodeManagementDrawerPage?GUID=$GUID&mode="edit"&titleExpression=${CODENAME}
sysNormalCodeManageTable,DESCRIPTION,УшЪі,systemSetting.codeManagement.field.description,DESCRIPTION,type|width,string|230px
sysNormalCodeManageTable,TITLE,БъЬт,systemSetting.codeManagement.field.title,TITLE,translateType|type|width,translate|string|160px
sysNormalCodeManageTable,ISCLASSIFICATION,ЪЧЗёЗжРр,systemSetting.codeManagement.field.isclassification,ISCLASSIFICATION,type|width,boolean|90px
sysNormalCodeManageTable,CODETYPE,РраЭ,systemSetting.codeManagement.field.codeType,CODETYPE,expression|type|width,${CODETYPE$TITLE}|string|100px
sysNormalCodeManageTable,CREATETIME,ДДНЈЪБМф,common.field.createtime,CREATETIME,canSort|type|format|order|width,true|date|yyyy-MM-dd HH:mm:ss|desc|160px
sysNormalCodeManageTable,UPDATETIME,ИќаТЪБМф,common.field.updatetime,UPDATETIME,type|format|width,date|yyyy-MM-dd HH:mm:ss|160px
sysNormalCodeManageTable,operation,Вйзї,common.field.operation,OPERATION$,type|toolbar|width,operation|sysClassificationCodeOperationToolbar|80px
sysCodeItemTable,ITEMNAME,УћГЦ,systemSetting.codeManagement.field.name,ITEMNAME,width,200px
sysCodeItemTable,CODE,зщТы,systemSetting.codeManagement.field.itemCode,CODE,width,150px
sysCodeItemTable,DESCRIPTION,УшЪі,systemSetting.codeManagement.field.description,DESCRIPTION,width,200px
sysCodeItemTable,TITLE,БъЬт,systemSetting.codeManagement.field.title,TITLE,expression|width,${TITLE}|160px
sysCodeItemTable,operation,Вйзї,common.field.operation,OPERATION$,type|toolbar|width,operation|sysCodeItemOptionToolbar|150px
sysWorkflowTemplateTable,WFNAME,СїГЬ,systemSetting.workflowTemplate.detail.field.workflow,WFNAME,type|canSort|order|width|canFilter|filterURL,combo|true|desc|280px|true|/workflowTemplate/listWfTemplateModel
sysWorkflowTemplateTable,TITLE,СїГЬФЃАхБъЬт,systemSetting.workflowTemplate.detail.field.workflowTitle,TITLE,type|canSort|translateType|width,string|true|translate|200px
sysWorkflowTemplateTable,LAUNCH_SCOPE_DESC,ПЩЗЂЦ№ЖдЯѓМАЗжРр,systemSetting.workflowTemplate.detail.field.canSubmit,LAUNCH_SCOPE_DESC,width,260px
sysWorkflowTemplateTable,RELATION_SCOPE_DESC,ЙиСЊЙиЯЕФЃАх,systemSetting.workflowTemplate.detail.field.relationTemp,RELATION_SCOPE_DESC,width,200px
sysWorkflowTemplateTable,AVAILABLE_SCOPE_DESC,ЙиСЊПЩгУЖдЯѓ,systemSetting.workflowTemplate.detail.field.canUse,AVAILABLE_SCOPE_DESC,width,240px
sysWorkflowTemplateTable,AVAILABLE_USERS_DESC,ПЩгУШЫдБ,systemSetting.workflowTemplate.detail.field.permission,AVAILABLE_USERS_DESC,width,170px
sysWorkflowTemplateTable,CREATEUSER,ДДНЈеп,systemSetting.workflowTemplate.detail.field.createUser,CREATEUSER,expression|width,$CREATEUSER['name']|120px
sysWorkflowTemplateTable,CREATETIME,ДДНЈЪБМф,systemSetting.workflowTemplate.detail.field.createTime,CREATETIME,type|format|width,date|yyyy-MM-dd HH:mm:ss|180px
sysWorkflowTemplateTable,UPDATEUSER,ИќаТеп,systemSetting.workflowTemplate.detail.field.updateUser,UPDATEUSER,expression|width,$UPDATEUSER['name']|120px
sysWorkflowTemplateTable,UPDATETIME,ИќаТЪБМф,systemSetting.workflowTemplate.detail.field.updateTime,UPDATETIME,canSort|type|format|order|width,true|date|yyyy-MM-dd HH:mm:ss|desc|180px
sysWorkflowTemplateTable,ISVALID,ЩњЪЇаЇ,systemSetting.workflowTemplate.detail.field.isValid,ISVALID,type|updateAction|width,switch|sysWFUpdateValidAction|110px
sysWorkflowTemplateTable,operation,Вйзї,systemSetting.workflowTemplate.detail.field.operation,OPERATION$,type|toolbar|width,operation|sysWorkflowTemplateOptionToolbar|390px
sysWFSelectObjectClassficationTable,name,ЖдЯѓУћГЦ,systemSetting.workflowTemplate.detail.field.objectName,BONAME,translateType|width,translate|200px
sysWFSelectObjectClassficationTable,title,ЖдЯѓБъЬт,systemSetting.workflowTemplate.detail.field.objectTitle,BOTITLE,translateType|width,translate|150px
sysWFSelectObjectClassficationTable,classfication,ЗжРр,systemSetting.workflowTemplate.detail.field.classification,CFTITLE,translateType|width,translate|200px
sysWFSelectObjectClassficationTable,operation,Вйзї,common.field.operation,OPERATION$,type|toolbar|width,operation|sysWFSelectObjectClassficationToolbar|150px
sysDataPermTable,INHERIT,МЬГагк,systemSetting.permission.field.inheritedFrom,inheritedFrom,,
sysDataPermTable,BUSINESS_OBJECT,вЕЮёЖдЯѓ,systemSetting.permission.field.businessObject,BUSINESS_OBJECT,canSort|canFilter|expression,false|false|`$conditions['BUSINESS_OBJECT']['name']`,
sysDataPermTable,OWNER_GROUP,ЫљЪєзщ,systemSetting.permission.field.groupIn,OWNER_GROUP,expression|canSort|canFilter|expression,${BOTITLE$}|false|false|`$conditions['OWNER_GROUP']['name']`
sysDataPermTable,STATUS,зДЬЌ,common.field.status,STATUS,type|canSort|canFilter|expression,string|false|false|`$conditions['STATUS']['name']`
sysDataPermTable,LIFECYCLE,ЩњУќжмЦк,systemSetting.permission.field.lifecycle,LIFECYCLE,type|canSort|canFilter|expression,string|false|false|`$conditions['LIFECYCLE']['name']`
sysDataPermTable,CLASSIFICATION,ЗжРр,common.field.classification,CLASSIFICATION,type|canSort|canFilte|expression,string|false|false|`$conditions['CLASSIFICATION']['name']`
sysDataPermTable,ORGANIZATION,зщжЏ/гУЛЇ,systemSetting.permission.field.organizationalUser,ORGANIZATION,expression|canSort|canFilter,`$conditions['ORGANIZATION']['name']`|false|false
sysDataPermTable,allowed,дЪаэШЈЯо,systemSetting.permission.field.allowPermissions,allowed,type,string
sysDataPermTable,denied,ОмОјШЈЯо,systemSetting.permission.field.denyPermissions,denied,type,string
sysDataPermTable,startTime,Ц№ЪМЪБМф,systemSetting.permission.field.startingTime,startTime,type|format,datetime|yyyy-MM-dd HH:mm:ss
sysDataPermTable,endTime,НижСЪБМф,systemSetting.permission.field.deadline,endTime,type|format,datetime|yyyy-MM-dd HH:mm:ss
sysDataPermTable,operation,Вйзї,common.field.operation,OPERATION$,type|toolbar|width,operation|sysDPermOperationToolbar|230px
sysDataPermErrTable,INHERIT,МЬГагк,systemSetting.permission.field.inheritedFrom,inheritedFrom,,
sysDataPermErrTable,BUSINESS_OBJECT,вЕЮёЖдЯѓ,systemSetting.permission.field.businessObject,BUSINESS_OBJECT,canSort|canFilter|expression,true|true|`$conditions['BUSINESS_OBJECT']['name']`
sysDataPermErrTable,OWNER_GROUP,ЫљЪєзщ,systemSetting.permission.field.groupIn,OWNER_GROUP,expression|canSort|canFilter|expression,${BOTITLE$}|true|true|`$conditions['OWNER_GROUP']['name']`
sysDataPermErrTable,STATUS,зДЬЌ,common.field.status,STATUS,type|canSort|canFilter|expression,string|true|true|`$conditions['STATUS']['name']`
sysDataPermErrTable,LIFECYCLE,ЩњУќжмЦк,systemSetting.permission.field.lifecycle,LIFECYCLE,type|canSort|canFilter|expression,string|true|true|`$conditions['LIFECYCLE']['name']`
sysDataPermErrTable,CLASSIFICATION,ЗжРр,common.field.classification,CLASSIFICATION,type|canSort|canFilte|expression,string|true|true|`$conditions['CLASSIFICATION']['name']`
sysDataPermErrTable,ORGANIZATION,зщжЏ/гУЛЇ,systemSetting.permission.field.organizationalUser,ORGANIZATION,expression|canSort|canFilter,`$conditions['ORGANIZATION']['name']`|true|true
sysDataPermErrTable,allowed,дЪаэШЈЯо,systemSetting.permission.field.allowPermissions,allowed,type,string
sysDataPermErrTable,denied,ОмОјШЈЯо,systemSetting.permission.field.denyPermissions,denied,type,string
sysDataPermErrTable,startTime,Ц№ЪМЪБМф,systemSetting.permission.field.startingTime,startTime,type,datetime
sysDataPermErrTable,endTime,НижСЪБМф,systemSetting.permission.field.deadline,endTime,type,datetime
sysDataPermErrTable,message,ЪЇАмд­вђ,systemSetting.organization.groupManagment.field.failureReason,message,expression,i18n($message)
sysPermiSimulationTable,MANUAL_REVISE,ЪжЙЄаоЖЉ,systemSetting.permission.field.manualRevision,MANUAL_REVISE,,
sysPermiSimulationTable,EC_REVISE,БфИќаоЖЉ,systemSetting.permission.field.changeRevision,EC_REVISE,,
sysPermiSimulationTable,CHECKOUT_AND_MODIFY,МьГівдМАаоИФ,systemSetting.permission.field.checkOutAndModify,CHECKOUT_AND_MODIFY,,
sysPermiSimulationTable,QUERY_AND_PREVIEW,ВщбЏвдМАдЄРР,systemSetting.permission.field.queryAndPreview,QUERY_AND_PREVIEW,,
sysPermiSimulationTable,PREVIEW_FILE,дЄРРЮФМў,systemSetting.permission.field.previewArea,PREVIEW_FILE,type|canSort|canFilter,
sysPermiSimulationTable,UPLOAD_FILE,ЩЯДЋЮФМў,systemSetting.permission.field.uploadFile,UPLOAD_FILE,,
sysPermiSimulationTable,DOWNLOAD_FILE,ЯТдиЮФМў,systemSetting.permission.field.downloadFile,DOWNLOAD_FILE,,
sysPermiSimulationTable,EDIT_FILE,аоИФЮФМў,systemSetting.permission.field.editFile,EDIT_FILE,,
sysPermiSimulationTable,DELETE_FILE,ЩОГ§ЮФМў,systemSetting.permission.field.deleteFile,DELETE_FILE,,
sysPermiSimulationTable,LINK,ЬэМгзгНз,common.command.sysAddChildNodeCommand,LINK,,
sysPermiSimulationTable,EDIT_LINK,аоИФзгНз,systemSetting.permission.field.modifySuborder,EDIT_LINK,,
sysPermiSimulationTable,UNLINK,ЩОГ§згНз,systemSetting.permission.field.deleteSuborder,UNLINK,,
sysPermiSimulationTable,DISABLE,ЭЃгУ,systemSetting.permission.field.deactivate,DISABLE,,
sysPermiSimulationTable,CANCEL_CHECKOUT,ШЁЯћЫћШЫМьГі,systemSetting.permission.field.cancelDetectionByOthers,CANCEL_CHECKOUT,,
sysPermiSimulationTable,CHANGE_OWNER,ИќИФЫљгаеп,systemSetting.permission.field.changeOwner,CHANGE_OWNER,,
sysPermiSimulationTable,DELETE,ЩОГ§,common.command.sysDeleteCommand,DELETE,,
sysMilestoneLeftTable,name,РяГЬБЎРраЭ,systemSetting.milestone.milestoneType,name,width|editable|action1|process|cellClassNameExpression|showTooltip,230px|true|event:sysMilestoneNameLinkClickAction|sysMilestoneTypeEditAction|if($name){return 'milestoneColor';}|true
sysMilestoneLeftTable,remark,ЫЕУї,basic.system.field.illustrate,remark,width|editable|process|showTooltip,350px|true|sysMilestoneTypeEditAction|true
sysMilestoneLeftTable,operation,Вйзї,common.field.operation,OPERATION$,type|toolbar|width,operation|sysMilestoneLeftOperationToolbar|150px
sysExceptionDateTable,SPECIALNAME,УћГЦ,systemSetting.calender.field.Name,SPECIALNAME,defaultValue|editable|process|translateType,systemSetting.calender.field.Unnamed|true|saveExceptionDateAction|translate
sysExceptionDateTable,TIMERANGE,ПЊЪМШеЦк~НсЪјШеЦк,systemSetting.calender.field.DateStartToEnd,TIMERANGE,editable|type|range|width|process|format|canSort,true|date|true|400px|saveExceptionDateAction|yyyy-MM-dd|true
sysExceptionDateTable,remark,УшЪі,systemSetting.codeManagement.field.description,DESCRIPTION,editable|process|showTooltip,true|saveExceptionDateAction|true
sysExceptionDateTable,operation,Вйзї,common.field.operation,OPERATION$,type|toolbar,operation|sysExceptionDateTableToolbar
sysExceptionDateDetailsTable,BEGINTIME,ПЊЪМЪБМф,systemSetting.calender.field.startTime,BEGINTIME,editable|width|type|format,true|250px|time|HH:mm:ss
sysExceptionDateDetailsTable,ENDTIME,ЭъГЩЪБМф,systemSetting.calender.field.EndTime,ENDTIME,editable|width|type|format,true|250px|time|HH:mm:ss
sysExceptionDateDetailsTable,operation,Вйзї,common.field.operation,OPERATION$,type|toolbar,operation|sysExceptionDateDetailsTableToolbar
sysMilestoneRightTable,ID,НзЖЮ,'',ID,,
sysMilestoneRightTable,DESCRIPTION,ЫЕУї,'',DESCRIPTION,,
sysObjectPermiTable,CREATE,аТНЈ,common.command.sysNewCommand,CREATE,,
sysObjectPermiTable,MANUAL_REVISE,ЪжЙЄаоЖЉ,systemSetting.permission.field.manualRevision,MANUAL_REVISE,,
sysObjectPermiTable,EC_REVISE,БфИќаоЖЉ,systemSetting.permission.field.changeRevision,EC_REVISE,,
sysObjectPermiTable,CHECKOUT_AND_MODIFY,МьГівдМАаоИФ,systemSetting.permission.field.checkOutAndModify,CHECKOUT_AND_MODIFY,,
sysObjectPermiTable,QUERY_AND_PREVIEW,ВщбЏвдМАдЄРР,systemSetting.permission.field.queryAndPreview,QUERY_AND_PREVIEW,,
sysObjectPermiTable,DISABLE,ЭЃгУ,systemSetting.permission.field.deactivate,DISABLE,,
sysObjectPermiTable,DELETE,ЩОГ§,common.command.sysDeleteCommand,DELETE,,
sysObjectPermiTable,CANCEL_CHECKOUT,ШЁЯћЫћШЫМьГі,systemSetting.permission.field.cancelDetectionByOthers,CANCEL_CHECKOUT,,
sysObjectPermiTable,CHANGE_OWNER,ИќИФЫљгаеп,systemSetting.permission.field.changeOwner,CHANGE_OWNER,,
sysFilePermiTable,PREVIEW_FILE,дЄРРЮФМў,systemSetting.permission.field.previewArea,PREVIEW_FILE,type|canSort|canFilter,
sysFilePermiTable,UPLOAD_FILE,ЩЯДЋЮФМў,systemSetting.permission.field.uploadFile,UPLOAD_FILE,,
sysFilePermiTable,DOWNLOAD_FILE,ЯТдиЮФМў,systemSetting.permission.field.downloadFile,DOWNLOAD_FILE,,
sysFilePermiTable,EDIT_FILE,аоИФЮФМў,systemSetting.permission.field.editFile,EDIT_FILE,,
sysFilePermiTable,DELETE_FILE,ЩОГ§ЮФМў,systemSetting.permission.field.deleteFile,DELETE_FILE,,
sysRelatePermiTable,LINK,ЬэМгзгНз,common.command.sysAddChildNodeCommand,LINK,,
sysRelatePermiTable,EDIT_LINK,аоИФзгНз,systemSetting.permission.field.modifySuborder,EDIT_LINK,,
sysRelatePermiTable,UNLINK,ЩОГ§згНз,systemSetting.permission.field.deleteSuborder,UNLINK,,
sysTransformationTypeTable,name,зЊЛЛУћГЦ,systemSetting.conversion.convertType.field.convertName,NAME$,canSort|width,true|220px
sysTransformationTypeTable,description,зЊЛЛУшЪі,systemSetting.conversion.convertType.field.convertDescribe,DESCRIPTION,canSort|width,true|250px
sysTransformationTypeTable,sourceFileSuffix,РДдДЮФМўКѓзК,systemSetting.conversion.convertType.field.SourceFileSuffix,ORIGFILEEXTENSION,canFilter|width,true|210px
sysTransformationTypeTable,targetFileSuffix,ФПБъЮФМўКѓзК,systemSetting.conversion.convertType.field.TargetFileSuffix,DESTFILEEXTENSION,canFilter|width,true|150px
sysConfigurationTransformationTable,TRANSORIGINCLASS,зЊЛЛдДРр,systemSetting.conversion.convertSetting.field.CADType,TRANSORIGINCLASS,canSort|type|width,true|code|180px
sysConfigurationTransformationTable,CLASSIFICATION,зЊЛЛЗНЪН,systemSetting.conversion.convertSetting.field.convertMethod,CLASSIFICATION$,canSort|type|width,true|code|150px
sysConfigurationTransformationTable,TRANSTYPE,зЊЛЛРраЭ,systemSetting.conversion.convertSetting.field.convertType,TRANSTYPE$TITLE,canSort|action|width,true|event:sysTransferTypeClickAction|240px
sysConfigurationTransformationTable,TARGET,зЊЛЛФПБъ,systemSetting.conversion.convertSetting.field.convertTarget,TARGET,width|type,150px|code
sysConfigurationTransformationTable,CREATETIME,ДДНЈЪБМф,common.field.createtime,CREATETIME$,type|format|canSort|width,date|yyyy-MM-dd HH:mm:ss|true|180px
sysConfigurationTransformationTable,operation,Вйзї,common.field.operation,OPERATION$,type|toolbar|width,operation|sysConfigurationTransformationOptionToolbar|210px
sysAddSignatureSchemeTable,ID,БрКХ,common.field.id,ID$,full|prefix,true|ICON$
sysAddSignatureSchemeTable,NAME,УћГЦ,common.field.name,NAME$,width|position,200px|2/5/3/9
sysAddSignatureSchemeTable,classname,РраЭ,common.field.botitle,BOTITLE$,canSort|expression,false|${BOTITLE$}
sysAddSignatureSchemeTable,STATUS,зДЬЌ,common.field.status,STATUS$,type|cellClassExpression,state|if($STATUS$==='WIP'){return 'state_yellow'} else if($STATUS$==='PRE'){return 'state_blue'} else if($STATUS$==='RLS'){return 'state_green'} else if($STATUS$==='ECP'){return 'state_light_blue'} else if($STATUS$==='OBS'){return 'state_grey'}
sysAddSignatureSchemeTable,REVISIONID,АцБО,common.field.revision,REVISIONID$,width|canSort|expression,80px|false|$REVISIONID$?$REVISIONID$+'.'+$ITERATIONID$:''
sysAddSignatureSchemeTable,FILENAME$,жїЮФМў,common.field.primaryfilename,FILE$,width|type|canDeleteExpression|canUploadExpression|previewAction|downloadAction,150px|file|1===1|1===1|filePreviewAction|downloadMainFileAction
sysAddSignatureSchemeSingleTable,ID,БрКХ,common.field.id,ID$,full|prefix,true|ICON$
sysAddSignatureSchemeSingleTable,NAME,УћГЦ,common.field.name,NAME$,width|position,200px|2/5/3/9
sysAddSignatureSchemeSingleTable,classname,РраЭ,common.field.botitle,BOTITLE$,canSort|expression,false|${BOTITLE$}
sysAddSignatureSchemeSingleTable,STATUS,зДЬЌ,common.field.status,STATUS$,type|cellClassExpression,state|if($STATUS$==='WIP'){return 'state_yellow'} else if($STATUS$==='PRE'){return 'state_blue'} else if($STATUS$==='RLS'){return 'state_green'} else if($STATUS$==='ECP'){return 'state_light_blue'} else if($STATUS$==='OBS'){return 'state_grey'}
sysAddSignatureSchemeSingleTable,REVISIONID,АцБО,common.field.revision,REVISIONID$,width|canSort|expression,80px|false|$REVISIONID$?$REVISIONID$+'.'+$ITERATIONID$:''
sysAddSignatureSchemeSingleTable,FILENAME$,жїЮФМў,common.field.primaryfilename,FILENAME$,,
sysSignatureSchemeTable,name,ЮФМўФЃАх,systemSetting.conversion.signatureScheme.field.documentTemp,name,canSort|action,true|event:showSignDetailAction
sysSignatureSchemeTable,docHeight,ФЃАхИпЖШ,systemSetting.conversion.signatureScheme.field.TempHeight,docHeight,
sysSignatureSchemeTable,docWidth,ФЃАхПэЖШ,systemSetting.conversion.signatureScheme.field.TempWidth,docWidth,
sysSignatureSchemeTable,fileName,ЮФМўУћГЦ,systemSetting.conversion.signatureScheme.field.documentName,fileName,action_|type_|previewAction_|downloadAction_,event:showSignFilePreviewAction|file|filePreviewAction|downloadMainFileAction
sysSignatureSchemeTable,operation,Вйзї,common.field.operation,OPERATION$,type|toolbar|width,operation|sysSignatureSchemeOptionToolbar|185px
sysClassificationSynthesisRulesTable,inheritedFrom,МЬГагк,systemSetting.permission.field.inheritedFrom,INHERITEDFROM,width,200px
sysClassificationSynthesisRulesTable,FIELDNAME,ЪєадУћГЦ,systemSetting.classification.field.WorkflowTitle,FIELDNAME,canSort|canFilter|expression|width,false|false|if($FIELD$TITLE){return $FIELDNAME+""+ '(' + $FIELD$TITLE + ')'}else {return $FIELDNAME}|300px
sysClassificationSynthesisRulesTable,FORMAT,КЯГЩЙцдђ,systemSetting.classification.field.relationTemp,SEGMENTSTYLE,width|expression|canSort|canFilter,350px|``|false|false
sysClassificationSynthesisRulesTable,DISPLAYSTYLE,бљР§,systemSetting.classification.field.objectCanInit,DISPLAYSTYLE,type|canSort|canFilter|expression|width,string|false|false|``|250px
sysClassificationSynthesisRulesTable,UPDATEUSERGUID,ИќаТеп,systemSetting.classification.field.updateUser,UPDATEUSERGUID,expression|canSort|canFilter|width|type,``|false|false|150px|user
sysClassificationSynthesisRulesTable,UPDATETIME,ИќаТЪБМф,systemSetting.classification.field.updateTime,UPDATETIME,type|format|width,datetime|yyyy-MM-dd HH:mm:ss|200px
sysClassificationSynthesisRulesTable,operation,Вйзї,common.field.operation,OPERATION$,type|toolbar|width,operation|sysClassificationSynthesisRulesOperateToolbar|200px
sysClassificationSynthesisRulesPasteTable,ID,ађКХ,common.title.sequence,IDS,width|cellClassNameExpression,200px|``
sysClassificationSynthesisRulesPasteTable,FIELDNAME,ЪєадУћГЦ,systemSetting.classification.field.WorkflowTitle,FIELDNAME,cellClassNameExpression|canSort|canFilter|expression|width,``|false|false|if($FIELD$TITLE){return $FIELDNAME+ ""+ '(' + $FIELD$TITLE + ')'}else {return $FIELDNAME}|300px
sysClassificationSynthesisRulesPasteTable,FORMAT,КЯГЩЙцдђ,systemSetting.classification.field.relationTemp,SEGMENTSTYLE,width|expression|canSort|canFilter|cellClassNameExpression,350px|``|false|false|``
sysClassificationSynthesisRulesPasteTable,DISPLAYSTYLE,бљР§,systemSetting.classification.field.objectCanInit,DISPLAYSTYLE,type|canSort|canFilter|width|cellClassNameExpression,string|false|false|250px|``
sysClassificationSynthesisRulesPasteTable,errorMsg,ДэЮѓаХЯЂ,basic.system.field.error,ERRORMESSAGE,width|showTooltip|translateType|cellClassNameExpression,350px|true|translate|``
sysClassificationSynthesisRulesPasteTable,operation,Вйзї,common.field.operation,OPERATION$,type|toolbar|width,operation|sysClassificationSynthesisRulesOperatePasteToolbar|150px
sysClassificationCodeSegmentPasteTable,SEGMENTNAME,ТыЖЮУћГЦ,systemSetting.classification.field.codeName,SEGMENTNAME,width|cellClassNameExpression,200px|``
sysClassificationCodeSegmentPasteTable,FIELDTYPE,ТыЖЮРраЭ,systemSetting.classification.field.codeType,pasteFieldType,canSort|canFilter|width|expression|cellClassNameExpression,false|false|350px||``
sysClassificationCodeSegmentPasteTable,TYPEFIXED,РраЭжЕ,systemSetting.classification.field.TypeValue,pasteTYPEFIXED,width|cellClassNameExpression,100px|``
sysClassificationCodeSegmentPasteTable,BASETYPEVALUE,ШЁжЕ,systemSetting.classification.field.Values,pasteTypeValue,width|expression|cellClassNameExpression,200px|$pasteTypeValue|`$FIELDTYPE=='field'&&$TYPEFIXED=='String' ? '' : $pasteTypeValue`
sysClassificationCodeSegmentPasteTable,FIELDLENGTH,ГЄЖШ,systemSetting.classification.field.length,FIELDLENGTH,width|cellClassNameExpression,100px|``
sysClassificationCodeSegmentPasteTable,CODERULEVALUE,ГЄЖШВЙГЅ,systemSetting.classification.field.lengthCompensation,pasteChartSegment,cellClassNameExpression|expression|width,``|``|150px
sysClassificationCodeSegmentPasteTable,PREFIX,ЧАЗжИєЗћ,systemSetting.classification.field.frontSeparator,PREFIX,width|cellClassNameExpression,100px|``
sysClassificationCodeSegmentPasteTable,SUFFIX,КѓЗжИєЗћ,systemSetting.classification.field.postSeparator,SUFFIX,width|cellClassNameExpression,100px|``
sysClassificationCodeSegmentPasteTable,errorMsg,ДэЮѓаХЯЂ,basic.system.field.error,message,width|showTooltip|translateType|cellClassNameExpression,200px|true|translate|``
sysClassificationCodeSegmentPasteTable,operation,Вйзї,common.field.operation,OPERATION$,type|toolbar|width|visiableExpression,operation|sysClassificationCodeSegmentOperatePasteToolbar|300px|!$isHide
sysClassificationCodeSegmentTable,SEGMENTNAME,ТыЖЮУћГЦ,systemSetting.classification.field.codeName,SEGMENTNAME,width,200px
sysClassificationCodeSegmentTable,FIELDTYPE,ТыЖЮРраЭ,systemSetting.classification.field.codeType,FIELDTYPE$TITLE,canSort|canFilter|width|expression,false|false|350px|$FIELDTYPE$TITLE+" "+$TYPEVALUEEXTRA
sysClassificationCodeSegmentTable,TYPEFIXED,РраЭжЕ,systemSetting.classification.field.TypeValue,TYPEFIXED,width,100px
sysClassificationCodeSegmentTable,BASETYPEVALUE,ШЁжЕ,systemSetting.classification.field.Values,BASETYPEVALUE,width|expression,200px|`$FIELDTYPE=='field'&&$TYPEFIXED=='String' ? '' : $BASETYPEVALUE`
sysClassificationCodeSegmentTable,FIELDLENGTH,ГЄЖШ,systemSetting.classification.field.length,FIELDLENGTH,width,100px
sysClassificationCodeSegmentTable,CODERULEVALUE,ГЄЖШВЙГЅ,systemSetting.classification.field.lengthCompensation,FILLCHARACTER,showTooltip|expression|width,true|if($FILLPOSITION$TITLE){return $FILLPOSITION$TITLE+' ' +i18n('systemSetting.classification.message.repair')+($FILLCHARACTER?$FILLCHARACTER:0) + '\n' + $CUTPOSITION$TITLE+' '  + i18n('systemSetting.classification.message.capture')}|150px
sysClassificationCodeSegmentTable,PREFIX,ЧАЗжИєЗћ,systemSetting.classification.field.frontSeparator,PREFIX,width,100px
sysClassificationCodeSegmentTable,SUFFIX,КѓЗжИєЗћ,systemSetting.classification.field.postSeparator,SUFFIX,width,100px
sysClassificationCodeSegmentTable,operation,Вйзї,common.field.operation,OPERATION$,type|toolbar|width|visiableExpression,operation|sysClassificationCodeSegmentOperateToolbar|300px|!$isHide
sysClassificationCodeSegmentTypeTable,SEGMENTNAME,ТыЖЮУћГЦ,systemSetting.classification.field.codeName,SEGMENTNAME,width,150px
sysClassificationCodeSegmentTypeTable,CODETYPE,ТыЖЮРраЭ,systemSetting.classification.field.codeType,FIELDTYPE$TITLE,canSort|canFilter,false|false
sysClassificationCodeSegmentTypeTable,TYPEFIXED,РраЭжЕ,systemSetting.classification.field.TypeValue,TYPEFIXED,width,150px
sysClassificationCodeSegmentTypeTable,TYPEVALUE,ШЁжЕ,systemSetting.classification.field.Values,TYPEVALUE,width,150px
sysClassificationCodeSegmentTypeTable,FIELDLENGTH,ГЄЖШ,systemSetting.classification.field.length,FIELDLENGTH,width,150px
sysClassificationCodeSegmentTypeTable,CODERULEVALUE,ГЄЖШВЙГЅ,systemSetting.classification.field.lengthCompensation,FILLCHARACTER,expression|width,if($FILLPOSITION$TITLE){return $FILLPOSITION$TITLE+' ' +i18n('systemSetting.classification.message.repair')+$FILLCHARACTER + '\n' + $CUTPOSITION$TITLE+' '  + i18n('systemSetting.classification.message.capture')}|200px
sysClassificationCodeSegmentTypeTable,PREFIX,ЧАЗжИєЗћ,systemSetting.classification.field.frontSeparator,PREFIX,width,200px
sysClassificationCodeSegmentTypeTable,SUFFIX,КѓЗжИєЗћ,systemSetting.classification.field.postSeparator,SUFFIX,width,200px
sysClassificationAddSynthesisRulesTable,ISCLASSFIELD,РДдД,systemSetting.classification.field.fieldFrom,ISCLASSFIELD,width|expression,130px|if($ISCLASSFIELD=='Y'){return i18n('systemSetting.classification.message.class')}else {return i18n('systemSetting.classification.message.classification')}
sysClassificationAddSynthesisRulesTable,FIELDNAME,зжЖЮУћГЦ,systemSetting.classification.field.fieldName,FIELDNAME,width,200px
sysClassificationAddSynthesisRulesTable,FIELDTYPE,зжЖЮРраЭ,systemSetting.classification.field.fieldType,FIELDTYPE,width,140px
sysClassificationAddSynthesisRulesTable,TITLE,БъЬт,common.title.title,TITLE,translateType|width,translate|200px
sysClassificationAddSynthesisRulesTable,DESCRIPTION,УшЪі,common.field.description,DESCRIPTION,width,250px
sysClassificationRulesDelErrorTable,ID,ађКХ,common.title.sequence,IDS,width,200px
sysClassificationRulesDelErrorTable,FIELDNAME,ЪєадУћГЦ,systemSetting.classification.field.WorkflowTitle,FIELDNAME,canSort|canFilter|expression|width,false|false|if($FIELD$TITLE){return $FIELDNAME+ ""+ '(' + $FIELD$TITLE + ')'}else {return $FIELDNAME}|300px
sysClassificationRulesDelErrorTable,FORMAT,КЯГЩЙцдђ,systemSetting.classification.field.relationTemp,SEGMENTSTYLE,width|expression|canSort|canFilter,350px|``|false|false
sysClassificationRulesDelErrorTable,DISPLAYSTYLE,бљР§,systemSetting.classification.field.objectCanInit,DISPLAYSTYLE,type|canSort|canFilter|expression|width,string|false|false|``|250px
sysClassificationRulesDelErrorTable,errorMsg,ДэЮѓаХЯЂ,basic.system.field.error,ERRORMESSAGE,width|showTooltip|translateType,350px|true|translate
sysClassificationCodeDelErrorTable,SEGMENTNAME,ТыЖЮУћГЦ,systemSetting.classification.field.codeName,SEGMENTNAME,width,200px
sysClassificationCodeDelErrorTable,FIELDTYPE,ТыЖЮРраЭ,systemSetting.classification.field.codeType,FIELDTYPE$TITLE,canSort|canFilter|width|expression,false|false|350px|`$FIELDTYPE$TITLE ? $FIELDTYPE$TITLE+" "+$TYPEVALUEEXTRA : ''`
sysClassificationCodeDelErrorTable,TYPEFIXED,РраЭжЕ,systemSetting.classification.field.TypeValue,TYPEFIXED,width,100px
sysClassificationCodeDelErrorTable,BASETYPEVALUE,ШЁжЕ,systemSetting.classification.field.Values,BASETYPEVALUE,width|expression,200px|$BASETYPEVALUE
sysClassificationCodeDelErrorTable,FIELDLENGTH,ГЄЖШ,systemSetting.classification.field.length,FIELDLENGTH,width,100px
sysClassificationCodeDelErrorTable,CODERULEVALUE,ГЄЖШВЙГЅ,systemSetting.classification.field.lengthCompensation,FILLCHARACTER,expression|width,if($FILLPOSITION$TITLE){return $FILLPOSITION$TITLE+' ' +i18n('systemSetting.classification.message.repair')+($FILLCHARACTER?$FILLCHARACTER:0) + '\n' + $CUTPOSITION$TITLE +' ' + i18n('systemSetting.classification.message.capture')}|150px
sysClassificationCodeDelErrorTable,PREFIX,ЧАЗжИєЗћ,systemSetting.classification.field.frontSeparator,PREFIX,width,100px
sysClassificationCodeDelErrorTable,SUFFIX,КѓЗжИєЗћ,systemSetting.classification.field.postSeparator,SUFFIX,width,100px
sysClassificationCodeDelErrorTable,errorMsg,ДэЮѓаХЯЂ,basic.system.field.error,ERRORMESSAGE,width|showTooltip|translateType,200px|true|translate
sysRevisionRuleTable,BEFOREPHASE$,systemSetting.BusinessRule.field.LifecycleWhenRevise,systemSetting.BusinessRule.field.LifecycleWhenRevise,BEFOREPHASE$,type|width|editable,lcphase|190px|false
sysRevisionRuleTable,AFTERPHASE$,systemSetting.BusinessRule.field.LifecycleAfterRevise,systemSetting.BusinessRule.field.LifecycleAfterRevise,AFTERPHASE$,type|optionParams|optionURL|width|cellEditableExpression|editable,lcphase|className=$CLASSNAME&beginPhaseGuid=$BEFOREPHASE$|/lc/model/listOptions|190px|foundation?.['current']?.['ISFROMPARENT']=='N'|true
sysRevisionRuleTable,ISREVISION,systemSetting.BusinessRule.field.allowManual,systemSetting.BusinessRule.field.allowManual,ISREVISION,type|width|updateAction|disabledExpression,switch|150px|sysBusinessRuleIsArtificialReviseAction|$ISFROMPARENT=='Y'
sysRevisionRuleTable,REMARKS,common.field.remark,common.field.remark,REMARKS,width|translateType,480px|translate
sysTransferWorkflowSettingTable,wfTemplateName,СїГЬУћГЦ,systemSetting.conversion.convertSetting.field.processName,WFTEMPLATE$TITLE,,
sysTransferWorkflowSettingTable,actrtName,СїГЬНкЕу,systemSetting.conversion.convertSetting.field.processNode,ACTRT$TITLE,,
sysTransferWorkflowSettingTable,signatureScheme,ЧЉеТЗНАИ,systemSetting.conversion.convertSetting.field.signatureScheme,SIGNATURESCHEME,type|optionURL|editable|multiple,combo|/transformConfigurate/listSignatureScheme|true|false
sysTransferWorkflowSettingTable,operation,Вйзї,common.field.operation,OPERATION$,type|toolbar|width,operation|sysTransferWorkflowSettingOptionToolbar|230px
sysTransferObjectTable,ORIGFIELDNAME,РДдДзжЖЮ,systemSetting.conversion.convertSetting.field.sourceField,ORIGFIELDTITLE,translateType,translate
sysTransferObjectTable,DESTFIELDNAME,ФПБъзжЖЮ,systemSetting.conversion.convertSetting.field.targetField,DESTFIELDTITLE,translateType,translate
sysTransferObjectTable,operation,Вйзї,common.field.operation,OPERATION$,type|toolbar|width,operation|sysTransferObjectOptionToolbar|230px
sysERPIntegratedTemplateTable,TEMPLATENAME,ФЃАхУћГЦ,systemSetting.ERPTemplate.integrationTemp.field.templateName,TEMPLATENAME,,
sysERPIntegratedTemplateTable,ISPRIORITY,ERPpriorityРраЭ,systemSetting.ERPTemplate.integrationTemp.field.ERPpriorityType,ISPRIORITY,type|colorMapping|width,boolean|Y:#FF9999;N:#00CCFF|140px
sysERPIntegratedTemplateTable,ISINUSE,ЦєЖЏЪжЙЄХззЊ,systemSetting.ERPTemplate.integrationTemp.field.enableManualtransfer,ISINUSE,type|colorMapping|width,boolean|Y:#FF9999;N:#00CCFF|130px
sysERPIntegratedTemplateTable,BOINFOLIST,ХззЊЖдЯѓ,systemSetting.ERPTemplate.integrationTemp.field.object,BOINFOLIST,type|width|autoHeight|wrapText,combo|160px|true|true
sysERPIntegratedTemplateTable,ISPERMITCUSTOM,дЪаэжИЖЈдЫгЊжааФ,systemSetting.ERPTemplate.integrationTemp.field.allowtoChooseOperatingCentre,ISPERMITCUSTOM,width|type|colorMapping,140px|boolean|Y:#FF9999;N:#00CCFF
sysERPIntegratedTemplateTable,MORECOMPANYLIST,дЫгЊжааФ,systemSetting.ERPTemplate.integrationTemp.field.operatingCentre,MORECOMPANYLIST,width|type|autoHeight|wrapText,200px|combo|true|true
sysERPIntegratedTemplateTable,SCHEMANAME,ХззЊФкШн,systemSetting.ERPTemplate.integrationTemp.field.data,SCHEMANAME,width,250px
sysERPIntegratedTemplateTable,CANUSETEMPLATEPERSONLIST,ПЩгУШЫдБ,systemSetting.ERPTemplate.integrationTemp.field.whoCanUse,CANUSETEMPLATEPERSONLIST,type|width|autoHeight|wrapText,combo|150px|true|true
sysERPIntegratedTemplateTable,ENDNOTICEPERSONLIST,ХззЊГЩЙІЭЈжЊШЫдБ,systemSetting.ERPTemplate.integrationTemp.field.whenSuccessNotice,ENDNOTICEPERSONLIST,type|width|autoHeight|wrapText,combo|200px|true|true
sysERPIntegratedTemplateTable,FAILEDENDNOTICEPERSONLIST,ХззЊЪЇАмЭЈжЊШЫдБ,systemSetting.ERPTemplate.integrationTemp.field.whenFailedNotice,FAILEDENDNOTICEPERSONLIST,type|width|autoHeight|wrapText,combo|200px|true|true
sysERPIntegratedTemplateTable,operation,common.field.operation,systemSetting.ERPTemplate.integrationTemp.field.operation,OPERATION$,type|toolbar|width,operation|sysERPIntegratedTemplateOptionToolbar|230px
sysERPIntegratedProductLibraryTable,LABEL,МЏГЩВњЦЗ,systemSetting.ERPTemplate.integrationProduct.field.productName,LABEL,translateType,translate
sysERPIntegratedProductLibraryTable,CORPUSNAME,МЏГЩЗНЪН,systemSetting.ERPTemplate.integrationProduct.field.integrationMethod,CORPUSNAME,translateType,translate
sysERPIntegratedProductLibraryTable,SERVICEIP,МЏГЩЗўЮёЦїIP,systemSetting.ERPTemplate.integrationProduct.field.ERPserverIP,SERVICEIP,,
sysERPIntegratedProductLibraryTable,SERVICEPORT,МЏГЩЗўЮёЦїЖЫПк,systemSetting.ERPTemplate.integrationProduct.field.ERPserverPort,SERVICEPORT,,
sysERPIntegratedProductLibraryTable,ERPSERVERLOCATION,МЏГЩЗўЮёЦїЗўЮёУћГЦ,systemSetting.ERPTemplate.integrationProduct.field.ERPserverName,ERPSERVERLOCATION,,
sysERPIntegratedProductLibraryTable,CREATEUSERNAME,ДДНЈеп,systemSetting.ERPTemplate.integrationProduct.field.createUser,CREATEUSERNAME,width,100px
sysERPIntegratedProductLibraryTable,CREATETIME,ДДНЈЪБМф,systemSetting.ERPTemplate.integrationProduct.field.createTime,CREATETIME,type|format,date|yyyy-MM-dd HH:mm:ss
sysERPIntegratedProductLibraryTable,UPDATEUSERNAME,ИќаТеп,systemSetting.ERPTemplate.integrationProduct.field.updateUser,UPDATEUSERNAME,width,100px
sysERPIntegratedProductLibraryTable,UPDATETIME,ИќаТЪБМф,systemSetting.ERPTemplate.integrationProduct.field.updateTime,UPDATETIME,type|format,date|yyyy-MM-dd HH:mm:ss
sysERPIntegratedProductLibraryTable,operation,common.field.operation,systemSetting.ERPTemplate.integrationProduct.field.operation,OPERATION$,type|toolbar|width,operation|sysERPIntegratedProductLibraryOptionToolbar|250px
sysERPSelectIntegratedProductLibraryTable,ERPTYPE,МЏГЩВњЦЗ,systemSetting.ERPTemplate.integrationProduct.field.productName,ERPTYPE,,
sysERPSelectIntegratedProductLibraryTable,CORPUSNAME,МЏГЩЗНЪН,systemSetting.ERPTemplate.integrationProduct.field.integrationMethod,CORPUSNAME,,
sysERPSelectIntegratedProductLibraryTable,SERVICEIP,МЏГЩЗўЮёЦїIP,systemSetting.ERPTemplate.integrationProduct.field.ERPserverIP,SERVICEIP,,
sysERPSelectIntegratedProductLibraryTable,SERVICEPORT,МЏГЩЗўЮёЦїЖЫПк,systemSetting.ERPTemplate.integrationProduct.field.ERPserverPort,SERVICEPORT,,
sysERPSelectIntegratedProductLibraryTable,ERPSERVERLOCATION,МЏГЩЗўЮёЦїЗўЮёУћГЦ,systemSetting.ERPTemplate.integrationProduct.field.ERPserverName,ERPSERVERLOCATION,,
sysERPIntegratedAddProductLibraryTable,LABEL,МЏГЩВњЦЗ,systemSetting.ERPTemplate.integrationProduct.field.productName,LABEL,translateType,translate
sysERPIntegratedAddProductLibraryTable,CORPUSNAME,МЏГЩЗНЪН,systemSetting.ERPTemplate.integrationProduct.field.integrationMethod,CORPUSNAME,translateType,translate
sysERPIntegratedAddProductLibraryTable,SERVICEIP,МЏГЩЗўЮёЦїIP,systemSetting.ERPTemplate.integrationProduct.field.ERPserverIP,SERVICEIP,,
sysERPIntegratedAddProductLibraryTable,SERVICEPORT,МЏГЩЗўЮёЦїЖЫПк,systemSetting.ERPTemplate.integrationProduct.field.ERPserverPort,SERVICEPORT,,
sysERPIntegratedAddProductLibraryTable,ERPSERVERLOCATION,МЏГЩЗўЮёЦїЗўЮёУћГЦ,systemSetting.ERPTemplate.integrationProduct.field.ERPserverName,ERPSERVERLOCATION,,
sysWFAttachmentPermiTable,AUTH_PREVIEW_FILE,дЄРРЮФМў,systemSetting.workflowTemplate.permissionSetting.file.preview,AUTH_PREVIEW_FILE,type|labelList|valueList|translateType,switcher|ЁЬ;ЁС;|1;0;|translate
sysWFAttachmentPermiTable,AUTH_UPLOAD_FILE,ЩЯДЋЮФМў,systemSetting.workflowTemplate.permissionSetting.file.upload,AUTH_UPLOAD_FILE,type|labelList|valueList|translateType,switcher|ЁЬ;ЁС;|1;0;|translate
sysWFAttachmentPermiTable,AUTH_DOWNLOAD_FILE,ЯТдиЮФМў,systemSetting.workflowTemplate.permissionSetting.file.download,AUTH_DOWNLOAD_FILE,type|labelList|valueList|translateType,switcher|ЁЬ;ЁС;|1;0;|translate
sysWFAttachmentPermiTable,AUTH_EDIT_FILE,аоИФЮФМў,systemSetting.workflowTemplate.permissionSetting.file.modify,AUTH_EDIT_FILE,type|labelList|valueList|translateType,switcher|ЁЬ;ЁС;|1;0;|translate
sysWFAttachmentPermiTable,AUTH_DELETE_FILE,ЩОГ§ЮФМў,systemSetting.workflowTemplate.permissionSetting.file.delete,AUTH_DELETE_FILE,type|labelList|valueList|translateType,switcher|ЁЬ;ЁС;|1;0;|translate
sysWFFormUIPermiTable,UITITLE,UIУћГЦ,systemSetting.workflowTemplate.permissionSetting.form.uiname,UITITLE,type|translateType|width,string|translate|115px
sysWFFormUIPermiTable,AUTH_EDIT,БрМ­,systemSetting.workflowTemplate.permissionSetting.form.editable,AUTH_EDIT,type|width,switch|115px
sysWFFormUIPermiTable,FIELD_SETTING,дЪаэБрМ­ЕФЪєад,systemSetting.workflowTemplate.permissionSetting.form.canEditProperties,FIELD_SETTING,type|optionURL|optionParams|editable|multiple|cellEditableExpression|width|autoHeight|wrapText,combo|/workflowTemplate/listUIField|boGuid=$BOGUID&cfGuid=$CLASSIFICATION&uiName=$BOUINAME&isClassification=$IS_CLASSIFICATION|true|true|$current['AUTH_EDIT']==='Y'|440px|true|true
sysWFAssociationPermiTable,RELATIONNAME,ЙиСЊЙиЯЕУћГЦ,systemSetting.workflowTemplate.permissionSetting.relation.name,RELATIONNAME,width,190px
sysWFAssociationPermiTable,AUTH_LINK,ЬэМгзгНз,systemSetting.workflowTemplate.permissionSetting.relation.addChild,AUTH_LINK,type|labelList|valueList|translateType,switcher|ЁЬ;ЁС;|1;0;|translate
sysWFAssociationPermiTable,AUTH_EDIT_LINK,аоИФзгНз,systemSetting.workflowTemplate.permissionSetting.relation.modifyChild,AUTH_EDIT_LINK,type|labelList|valueList|translateType,switcher|ЁЬ;ЁС;|1;0;|translate
sysWFAssociationPermiTable,AUTH_UNLINK,вЦГ§згНз,systemSetting.workflowTemplate.permissionSetting.relation.deleteChild,AUTH_UNLINK,type|labelList|valueList|translateType,switcher|ЁЬ;ЁС;|1;0;|translate
sysWFPermiClassficationTable,BOTITLE,ЖдЯѓ,systemSetting.workflowTemplate.permissionSetting.bolist.object,BOTITLE,translateType,translate
sysWFPermiClassficationTable,CLASSIFICATIONTITLE,ЗжРр,systemSetting.workflowTemplate.permissionSetting.bolist.classification,CLASSIFICATION_TITLE,translateType,translate
sysCompositeFieldTable,fieldName,КЯГЩзжЖЮ,systemSetting.conversion.signatureScheme.compositeField,fieldName,,
sysCompositeFieldTable,operation,common.field.operation,common.field.operation,OPERATION$,type|toolbar|width,operation|sysCompositeFieldOptionToolbar|230px
sysBomTemplateTable,TEMPLATENAME,УћГЦ,systemSetting.bomTemplate.field.name,TEMPLATENAME,width,120px
sysBomTemplateTable,TITLE,БъЬт,systemSetting.codeManagement.field.title,TITLE,translateType|width,translate|85px
sysBomTemplateTable,viewClass,ЪгЭМРр,systemSetting.bomTemplate.field.viewClass,VIEWCLASSNAME,width,115px
sysBomTemplateTable,strucClass,НсЙЙРр,systemSetting.bomTemplate.field.strucClass,STRUCTURECLASSNAME,width,170px
sysBomTemplateTable,SEQUENCESTART,ЫГађКХЦ№ЪМжЕ,systemSetting.bomTemplate.field.startValueOfSequenceNumber,SEQUENCESTART,type|width,number|135px
sysBomTemplateTable,SEQUENCEINCREMENT,ЫГађдіЗљ,systemSetting.bomTemplate.field.sequentialAdd,SEQUENCEINCREMENT,type|width,number|95px
sysBomTemplateTable,SEQUENCELENGTH,ЫГађКХГЄЖШ,systemSetting.bomTemplate.field.sequenceNumberLength,SEQUENCELENGTH,type|width,number|110px
sysBomTemplateTable,SEQUENCEPAD,ЫГађКХзѓВрВЙ0:Y/N,systemSetting.bomTemplate.field.sequenceNumberAddLeftZero,SEQUENCEPAD,type|width,boolean|130px
sysBomTemplateTable,PRECISE,BOMРраЭЃКОЋШЗ/ЗЧОЋШЗ,systemSetting.bomTemplate.field.bomType,PRECISE,expression|width,`$PRECISE === '1' ? 'ОЋШЗ' : 'ЗЧОЋШЗ'`|100px
sysBomTemplateTable,MOVEFORWARD,ВхШыЗНЪН,systemSetting.bomTemplate.field.insertionMethod,MOVEFORWARD,expression|width,`$MOVEFORWARD === 'N' ? 'ВхШыжаМф' : 'ВхЕНзюКѓ'`|100px
sysBomTemplateTable,DESIGNATORSEPARATOR,ЮЛКХЗжИєЗћ,systemSetting.bomTemplate.field.designatorSplitChar,DESIGNATORSEPARATOR,width,110px
sysBomTemplateTable,CHECKDESIGNATOR,ЮЛКХЪ§СПМьВщ,systemSetting.bomTemplate.field.numberQuantityCheck,CHECKDESIGNATOR,type|width,boolean|150px
sysBomTemplateTable,ENABLEQUEUEEXPORT,BOMЕМГіЗНЪН,systemSetting.bomTemplate.field.bomExportMethod,ENABLEQUEUEEXPORT,expression|width,`$ENABLEQUEUEEXPORT === 'Y' ? 'ЭЈЙ§ЖгСаЕМГі' : 'жБНгЕМГі'`|150px
sysBomTemplateTable,BOMREPORTTEMPLATELIST,BOMЕМГіИёЪН,systemSetting.bomTemplate.field.bomExportFormat,BOMREPORTTEMPLATELIST,wrapText|autoHeight|width|type|labelKey|showDelExpression|showAddExpression,true|true|150px|tag|BOMREPORTTEMPLATENAME|false|false
sysBomTemplateTable,REMARKS,БИзЂ,systemSetting.bomTemplate.field.remarks,REMARKS,,
sysBomTemplateTable,ISVALID,ЩњЪЇаЇ,systemSetting.organization.orgzManagement.field.isAssert,ISVALID,width|type|updateAction|disabledExpression,85px|switch|sysBomTemplateActiveAction|$ISDEFAULT=='Y'
sysBomTemplateTable,operation,Вйзї,common.field.operation,OPERATION$,type|toolbar|width,operation|tempSysBomTemplateTableOptionToolbar|220px
sysBomRelationTable,END1BOTITLE,ИИНзЖдЯѓ,systemSetting.bomTemplate.field.parentLevelObject,END1BOTITLE,translateType|width,translate|150px
sysBomRelationTable,BOMTEMPLATEEND2LIST,згНзЖдЯѓ,systemSetting.bomTemplate.field.subordinateObject,BOMTEMPLATEEND2LIST,width|type|labelKey|showDelExpression|showAddExpression|wrapText|autoHeight,600px|tag|END2BOTITLE|false|false|true|true
sysBomRelationTable,END2UNIQUELIST,згНзЮЈвЛадЬѕМў,systemSetting.bomTemplate.field.suborderUniquenessCondition,END2UNIQUELIST,width|type|labelKey|showDelExpression|showAddExpression,250px|tag|label|false|false
sysBomRelationTable,ISVALID,ЩњЪЇаЇ,systemSetting.organization.orgzManagement.field.isAssert,ISVALID,type|updateAction|width,switch|sysBomRelationActiveAction|80px
sysBomRelationTable,operation,Вйзї,common.field.operation,OPERATION$,type|toolbar|width,operation|tempSysBomRelationTableOptionToolbar|80px
sysAddBomTemplateBottomTable,BOMREPORTTEMPLATENAME,ЕМГіИёЪНУћГЦ,systemSetting.bomTemplate.field.exportFileName,BOMREPORTTEMPLATENAME,editable|method|width,true|nullEvent|200px
sysAddBomTemplateBottomTable,BOMREPORTTEMPLATE,ЕМГіИёЪНФЃАхЮФМў,systemSetting.bomTemplate.field.exportFile,BOMREPORTTEMPLATE,type|toolbar|width,operation|sysExportBomUploadToolbar|250px
sysAddBomTemplateBottomTable,operation,Вйзї,common.field.operation,OPERATION$,type|toolbar,operation|sysAddBomTemplateBottomToolbar
sysOrganErrGroupTable,SUPERIORDEPTID,ЩЯМЖВПУХБрКХ,systemSetting.organization.groupManagment.field.supDepartment,SUPERIORDEPTID,width,120px
sysOrganErrGroupTable,DEPTID,ВПУХБрКХ,systemSetting.organization.groupManagment.field.groupId,DEPTID,width,120px
sysOrganErrGroupTable,DEPTNAME,ВПУХУћГЦ,systemSetting.organization.groupManagment.field.groupName,DEPTNAME,,
sysOrganErrGroupTable,ROLEID,ВПУХНЧЩЋ,systemSetting.organization.groupManagment.field.groupRole,ROLEID,,
sysOrganErrGroupTable,CALENDAR,ШеРњ,systemSetting.organization.groupManagment.field.calendar,CALENDAR,,
sysOrganErrGroupTable,DESCRIPTION,УшЪі,common.field.commonDesc,DESCRIPTION,width,200px
sysOrganErrGroupTable,message,ЪЇАмд­вђ,systemSetting.organization.groupManagment.field.failureReason,message,width|showTooltip,350px|true
sysOrganErrUserTable,userId,гУЛЇУћ,systemSetting.organization.userManagment.field.userId,USERID,,
sysOrganErrUserTable,userName,аеУћ,systemSetting.organization.userManagment.field.userName,USERNAME,,
sysOrganErrUserTable,mail,гЪМў,systemSetting.organization.userManagment.field.mail,EMAIL,,
sysOrganErrUserTable,TEL,ЕчЛА,systemSetting.organization.userManagment.field.telephone,TEL,,
sysOrganErrUserTable,MOBILE,вЦЖЏЕчЛА,systemSetting.organization.userManagment.field.mobilePhone,MOBILE,,
sysOrganErrUserTable,GROUP(ROLE),ЫљЪєВПУХ,systemSetting.organization.orgzManagement.field.department,RIG,,
sysOrganErrUserTable,COUNTRY,ЙњМв/ЕиЧј,systemSetting.organization.userManagment.field.country,COUNTRY,,
sysOrganErrUserTable,CITY,ГЧЪа,systemSetting.organization.userManagment.field.city,CITY,,
sysOrganErrUserTable,ADDRESS,ЕижЗ,systemSetting.organization.userManagment.field.address,ADDRESS,,
sysOrganErrUserTable,ZIPCODE,гЪБр,systemSetting.organization.userManagment.field.zipCode,ZIPCODE,,
sysOrganErrUserTable,FAX,ДЋец,systemSetting.organization.userManagment.field.fax,FAX,,
sysOrganErrUserTable,message,ЪЇАмд­вђ,systemSetting.organization.groupManagment.field.failureReason,message,showTooltip,true
sysBatchErrorShowTable,ID,БрКХ,common.field.id,ID$,width,200px
sysBatchErrorShowTable,NAME,УћГЦ,common.field.name,NAME$,width,350px
sysBatchErrorShowTable,ERROR,ЪЇАмд­вђ,basic.system.field.error,MESSAGE$,width|translateType,450px|translate
sysImportCodeErrTable,codeName,зщТыУћГЦ,systemSetting.codeManagement.field.codeName,codeName,,
sysImportCodeErrTable,codeDescription,зщТыУшЪі,systemSetting.codeManagement.field.codeDescription,codeDescription,,
sysImportCodeErrTable,codeTitle,зщТыБъЬт,systemSetting.codeManagement.field.codeTitle,codeTitle,,
sysImportCodeErrTable,type,зщТыБэЯжаЮЪН,systemSetting.codeManagement.field.codeRepresentation,type,,
sysImportCodeErrTable,parentName,зщТызгЯюЕФИИНкЕу,systemSetting.codeManagement.field.codeItemParentNode,parentName,,
sysImportCodeErrTable,errMessage,ЪЇАмд­вђ,systemSetting.codeManagement.field.failureReason,errMessage,showTooltip,true
sysImportCodeErrTable,warnMessage,ОЏИцд­вђ,systemSetting.codeManagement.field.warningReason,warnMessage,showTooltip,true
sysClassifyRulesErrTable,className,РрУћ,systemSetting.classification.field.className,className,,
sysClassifyRulesErrTable,groupName,ЗжРрИљНкЕу,systemSetting.classification.field.groupName,groupName,,
sysClassifyRulesErrTable,fieldName,КЯГЩ/БрТызжЖЮ,systemSetting.classification.field.numberingFieldName,fieldName,,
sysClassifyRulesErrTable,isNumbering,зжЖЮБрТыY/зжЖЮКЯГЩN,systemSetting.classification.field.isNumbering,isNumbering,type,boolean
sysClassifyRulesErrTable,mergeFieldName,БЛКЯГЩзжЖЮУћГЦ,systemSetting.classification.field.mergeFieldName,mergeFieldName,,
sysClassifyRulesErrTable,isClassField,ЪЧЗёРрЩЯЕФзжЖЮ,systemSetting.classification.field.isClassField,isClassField,type,boolean
sysClassifyRulesErrTable,type,РраЭ,systemSetting.classification.field.type,type,,
sysClassifyRulesErrTable,typeValue,РраЭжЕ,systemSetting.classification.field.TypeValue,typeValue,,
sysClassifyRulesErrTable,dataSeq,ЫГађКХ,common.title.dataseq,dataSeq,,
sysClassifyRulesErrTable,prefix,ЧАЗжИєЗћ,systemSetting.classification.field.frontSeparator,prefix,,
sysClassifyRulesErrTable,suffix,КѓЗжИєЗћ,systemSetting.classification.field.postSeparator,suffix,,
sysClassifyRulesErrTable,control,ЪмПиТыЖЮ,systemSetting.classification.field.controledField,control,,
sysClassifyRulesErrTable,message,ЪЇАмд­вђ,systemSetting.organization.groupManagment.field.failureReason,message,width|translateType|showTooltip,300px|translate|true
sysCalendarErrTable,ID,БрКХ,systemSetting.calender.field.lineID,INDEX$,width,300px
sysCalendarErrTable,NAME$,УћГЦ,common.field.name,NAME$,width,300px
sysCalendarErrTable,MESSAGE$,ЪЇАмд­вђ,systemSetting.codeManagement.field.failureReason,MESSAGE$,width|translateType,400px|translate
sysDCTaskManageTable,TASKID,ШЮЮёid,task.field.id,ID,,
sysDCTaskManageTable,TASKNAME,ШЮЮёУћГЦ,task.field.taskName,TASKNAME,,
sysDCTaskManageTable,EXECUTENODEID,жДааНкЕуid,task.field.handlerNodeId,HANDLERNODEID,,
sysDCTaskManageTable,DESCRIPTION,УшЪі,task.field.taskDescribe,TASKDESCRIBE,,
sysDCTaskManageTable,EXECUTOR,жДааШЫ,task.field.taskExecutor,TASKEXECUTOR,type,user
sysDCTaskManageTable,TASKPARAMS,ШЮЮёВЮЪ§,task.field.taskParams,TASKPARAM,,
sysDCTaskManageTable,RELATETASK,ЙиСЊШЮЮё,task.field.subTaskIds,SUBTASKIDS,,
sysDCTaskManageTable,STATUS,зДЬЌ,task.field.status,TASKSTATUS,,
sysDCTaskManageTable,CREATEEXECUTE,ДДНЈМДжДаа,task.field.immediatelyOnce,IMMEDIATELYONCE,,
sysDCTaskManageTable,LASTRUNTIME,ЩЯвЛДЮдЫааЪБМф,task.field.lastExecutionTime,LASTEXECUTIONTIME,type,date
sysDCTaskManageTable,EXECUTEWAY,жДааЗНЪН,task.field.executeType,EXECUTETYPE,,
sysDCTaskManageTable,TIMEOUT,ГЌЪБЪБМф,task.field.timeout,TIMEOUT,type,date
sysDCTaskManageTable,RETRYTIMES,жиЪдДЮЪ§,task.field.retryTimes,RETRYTIMES,type,number
sysDCTaskManageTable,TAILTASK,ЭъГЩДІРэ,task.field.tailTask,TAILTASK,,
sysDCTaskManageTable,OPERATION,ВйзїСа,task.field.operation,OPERATION,type|toolbar,operation|sysDCTaskManageOperationToolbar
sysDCNodeManageTable,EXECUTENODEID,жДааНкЕуid,жДааНкЕуid,ID,,
sysDCNodeManageTable,NODENAME,НкЕуУћГЦ,НкЕуУћГЦ,NODENAME,,
sysDCNodeManageTable,NODEIP,НкЕуip,НкЕуip,NODEIP,,
sysDCNodeManageTable,NODETYPE,НкЕуРраЭ,НкЕуРраЭ,NODETYPE,,
sysDCNodeManageTable,TIMEOUT,УшЪі,УшЪі,NODEDESCRIBE,,
sysDCNodeManageTable,ENABLESTATUS,ЪЧЗёПЩгУзДЬЌ,ЪЧЗёПЩгУзДЬЌ,NODESTATUS,type|updateAction,switch|sysUpdateEnableStatusAction
sysDCNodeManageTable,ONLINE,ЪЧЗёдкЯп,ЪЧЗёдкЯп,ISALIVE,,
sysDCNodeManageTable,OPERATION,ВйзїСа,ВйзїСа,OPERATION,type|toolbar,operation|sysDCNodeManageOperationToolbar
sysDCActuatorManageTable,LASTRUNTIME,ЕїЖШУћ,ЕїЖШУћ,ID,,
sysDCActuatorManageTable,EXECUTEWAY,ШЮЮёid,ШЮЮёid,TASKID,,
sysDCActuatorManageTable,TIMEOUT,зДЬЌ,зДЬЌ,JOBSTATUS,type|updateAction,switch|sysUpdateJobStatusAction
sysDCActuatorManageTable,RETRYTIMES,ЩЯвЛДЮдЫааЪБМф,ЩЯвЛДЮдЫааЪБМф,RETRYTIMES,type,date
sysDCActuatorManageTable,TAILTASK,cron,cron,JOBCRON,,
sysDCActuatorManageTable,OPERATION,ВйзїСа,ВйзїСа,OPERATION,type|toolbar,operation|sysDCActuatorManageOperationToolbar
sysCADTemplateTable,TEMPLATENAME,УћГЦ,common.field.name,TEMPLATENAME,width,150px
sysCADTemplateTable,TYPE$TITLE,РраЭ,common.field.botitle,TYPE$TITLE,width|translateType,150px|translate
sysCADTemplateTable,REMARK,БИзЂ,common.field.remark,REMARK,width,200px
sysCADTemplateTable,FULLNAME,дДЮФМў,systemSetting.CADTemplate.form.sourceFile,FULLNAME,width|expression|action|cellRenderer|prefix,250px|$SOURCEFILE?.['title']|syCadOriginBlankAction|iconWithToolbar|SOURCEFILE$ICON$
sysCADTemplateTable,CREATEUSER$,ДДНЈеп,common.field.createuser,CREATEUSER$,type|width,user|100px
sysCADTemplateTable,CREATETIME,ДДНЈЪБМф,common.field.createtime,CREATETIME,type|format|width,date|yyyy-MM-dd HH:mm:ss|180px
sysCADTemplateTable,UPDATEUSER$,ИќаТеп,common.field.updateuser,UPDATEUSER$,type|width,user|100px
sysCADTemplateTable,UPDATETIME,ИќаТЪБМф,common.field.updatetime,UPDATETIME,type|format|width,date|yyyy-MM-dd HH:mm:ss|180px
sysCADTemplateTable,ENABLE,ЪЧЗёЯдЪО,systemSetting.CADTemplate.title.showable,ENABLE,type|width|updateAction|chooseText|unChooseText,switch|150px|sysCADTemplateIsShowAction|`basic.system.boolean.Y`|`basic.system.boolean.N`
sysCADTemplateTable,operation,common.field.operation,systemSetting.ERPTemplate.integrationTemp.field.operation,OPERATION$,type|toolbar|width,operation|sysCADTemplateOptionToolbar|230px
sysCADTemplateSourceFileTable,ID,БрКХ,common.field.id,ID$,refreshCall|width|full|action|prefix|cellRenderer,false|150px|true|event:sysGlobalSearchIDClickAction&baseUri=pdm|ICON$|iconWithToolbar
sysCADTemplateSourceFileTable,NAME,УћГЦ,common.field.name,NAME$,width|action,150px|sysGlobalSearchNameClickAction?wrapClassName=globalInstanceDrawer&closeOtherDrawer=false
sysCADTemplateSourceFileTable,BOTITLE,РраЭ,common.field.botitle,BOTITLE$,expression|width,${BOTITLE$}|140px
sysCADTemplateSourceFileTable,thumbnail,ЫѕТдЭМ,common.field.thumbnail,THUMBNAIL$,width|type|isIcon|imageAction,85px|image|false|OpenLightWeightChartAction
sysCADTemplateSourceFileTable,position,ЮЛжУ,basic.filed.position,COMMITFOLDER$,width|action|expression|disExp,250px|event:positionLinkAction|$COMMITFOLDER$PATH|!$HASAUTH&&$HASAUTH!==undefined
sysCADTemplateSourceFileTable,SPECIFICATION,ЙцИё,common.field.specification,SPECIFICATION,width,100px
sysCADTemplateSourceFileTable,STATUS,зДЬЌзДЬЌ,common.field.status,STATUS$,type|width|colorMapping|canFilter|filterURL,state|100px|WIP:#f2ba02;PRE:#4b87ff;RLS:#29cc74;ECP:#65b7ff;OBS:#808080|true|/rewrite/SysModel/CommonModel/listOptions
sysCADTemplateSourceFileTable,ISCHECKOUT$,ЪЧЗёМьГі,common.field.ischeckout,ISCHECKOUT$,type|canFilter,boolean|true
sysCADTemplateSourceFileTable,REVISIONID,АцБО,common.field.revision,REVISIONID$,width|expression,70px|$REVISIONID$?$REVISIONID$+'.'+$ITERATIONID$:''
sysCADTemplateSourceFileTable,updatetime,ИќаТЪБМф,common.field.updatetime,UPDATETIME$,canSort|type|format|order|width,true|date|yyyy-MM-dd HH:mm:ss|desc|180px
sysCADTemplateSourceFileTable,ReleaseTime,ЗЂВМЪБМф,common.field.releasetime,RELEASETIME$,type|format|canSort|width,date|yyyy-MM-dd HH:mm:ss|false|180px
sysCADTemplateSourceFileTable,CREATETIME,ДДНЈЪБМф,common.field.createtime,CREATETIME$,type|format|width,date|yyyy-MM-dd HH:mm:ss|180px
sysCADTemplateSourceFileTable,OWNERUSER,Ыљгаеп,common.field.owneruser,OWNERUSER$,type|width,user|100px
sysGlobalSearchTable,ID,БрКХ,common.field.id,ID$,refreshCall|width|full|action|prefix|cellRenderer|disExp,false|190px|true|sysOpenGeneralBlankAction|ICON$|iconWithToolbar|!$HASAUTH&&$HASAUTH!==undefined
sysGlobalSearchTable,NAME,УћГЦ,common.field.name,NAME$,width|disExp|action,190px|!$HASAUTH&&$HASAUTH!==undefined|sysGlobalSearchNameClickAction
sysGlobalSearchTable,BOTITLE,РраЭ,common.field.botitle,BOTITLE$,expression|width,${BOTITLE$}|160px
sysGlobalSearchTable,thumbnail,ЫѕТдЭМ,common.field.thumbnail,THUMBNAIL$,width|type|isIcon|imageAction,85px|image|false|OpenLightWeightChartAction
sysGlobalSearchTable,position,ЮЛжУ,common.field.position,COMMITFOLDER$,width|action|expression|disExp,250px|event:positionLinkAction|$COMMITFOLDER$PATH|!$HASAUTH&&$HASAUTH!==undefined
sysGlobalSearchTable,SPECIFICATION,ЙцИё,common.field.specification,SPECIFICATION,width,250px
sysGlobalSearchTable,STATUS,зДЬЌ,common.field.status,STATUS$,type|width|colorMapping|canFilter|filterURL,state|100px|WIP:#f2ba02;PRE:#4b87ff;RLS:#29cc74;ECP:#65b7ff;OBS:#808080|true|/rewrite/SysModel/CommonModel/listOptions
sysGlobalSearchTable,ISCHECKOUT$,ЪЧЗёМьГі,common.field.ischeckout,ISCHECKOUT$,type|canFilter|width,boolean|true|120px
sysGlobalSearchTable,REVISIONID,АцБО,common.field.revision,REVISIONID$,width|expression,70px|$REVISIONID$?$REVISIONID$+'.'+$ITERATIONID$:''
sysGlobalSearchTable,updatetime,ИќаТЪБМф,common.field.updatetime,UPDATETIME$,canSort|type|format|order|width,true|date|yyyy-MM-dd HH:mm:ss|desc|160px
sysGlobalSearchTable,ReleaseTime,ЗЂВМЪБМф,common.field.releasetime,RELEASETIME$,canSort|type|format|width,true|date|yyyy-MM-dd HH:mm:ss|160px
sysGlobalSearchTable,CREATETIME,ДДНЈЪБМф,common.field.createtime,CREATETIME$,canSort|type|format|width,true|date|yyyy-MM-dd HH:mm:ss|160px
sysGlobalSearchTable,OWNERUSER,Ыљгаеп,common.field.owneruser,OWNERUSER$,type|width,user|100px
sysGlobalSearchTable,operation,Вйзї,common.field.operation,OPERATION$,type|toolbar|width,operation|sysGlobalSearchTableOptionToolbar|140px
sysSelectLocationTable,ICON,ЭМБъ,advsearch.field.icon,ICON$,type|width|isIcon,image|70px|true
sysSelectLocationTable,NAME,УћГЦ,advsearch.field.name,FOLDERNAME,width,200px
sysSelectLocationTable,OWNERUSERNAME,ИКд№ШЫ,advsearch.field.leader,MANAGERNAMES,width,200px
sysSelectLocationTable,UPDATETIME,ЩЯДЮаоИФЪБМф,advsearch.field.lastUpdateTime,UPDATETIME,type|format|width,date|yyyy-MM-dd HH:mm:ss|170px
sysSelectLocationTable,CREATEUSER,ДДНЈеп,advsearch.field.creater,CREATEUSERNAME,width,200px
sysSelectLocationTable,DESCRIPTION,УшЪі,advsearch.field.description,DESCRIPTION,width,250px
